,,,,,,,,,,,,,,,,
,,,,,,,,,,,,,,,,
Run Date,Account,Action,Symbol,Description,Type,Exchange Quantity,Exchange Currency,Currency,Price,Quantity,Exchange Rate,Commission,Fees,Accrued Interest,Amount,Settlement Date
06/30/2025,Individual,"EXPIRED PUT (MARA) MARA HOLDINGS, INC. JUN 27 25 $14 as of Jun-27-2025 PUT (MARA) MARA HOLDINGS, INC. JUN 27 25 $14 (100 SHS) (Margin)",-MARA250627P14,"PUT (MARA) MARA HOLDINGS, INC. JUN 27 25 $14 (100 SHS)",Margin,0,,USD,,4,0,,,,0,
06/30/2025,Individual,YOU SOLD OPENING TRANSACTION PUT (HIMS) HIMS &HERS HEALTH JUL 25 25 $42 (100 SHS) (Margin),-HIMS250725P42,PUT (HIMS) HIMS &HERS HEALTH JUL 25 25 $42 (100 SHS),Margin,0,,USD,1.76,-1,0,0.65,0.03,,175.32,07/01/2025
06/30/2025,Individual,"YOU BOUGHT CLOSING TRANSACTION PUT (MARA) MARA HOLDINGS, INC. JUL 03 25 $13.5 (100 SHS) (Margin)",-MARA250703P13.5,"PUT (MARA) MARA HOLDINGS, INC. JUL 03 25 $13.5 (100 SHS)",Margin,0,,USD,0.03,1,0,,0.03,,-3.03,07/01/2025
06/30/2025,Individual,YOU BOUGHT CLOSING TRANSACTION PUT (HIMS) HIMS &HERS HEALTH JUL 18 25 $42 (100 SHS) (Margin),-HIMS250718P42,PUT (HIMS) HIMS &HERS HEALTH JUL 18 25 $42 (100 SHS),Margin,0,,USD,1.21,1,0,0.65,0.03,,-121.68,07/01/2025
06/30/2025,Rollover IRA,YOU SOLD OPENING TRANSACTION PUT (HIMS) HIMS &HERS HEALTH JUL 25 25 $38 (100 SHS) (Cash),-HIMS250725P38,PUT (HIMS) HIMS &HERS HEALTH JUL 25 25 $38 (100 SHS),Cash,0,,USD,0.92,-1,0,0.65,0.03,,91.32,07/01/2025
06/30/2025,Rollover IRA,YOU BOUGHT CLOSING TRANSACTION PUT (HIMS) HIMS &HERS HEALTH JUL 18 25 $37 (100 SHS) (Cash),-HIMS250718P37,PUT (HIMS) HIMS &HERS HEALTH JUL 18 25 $37 (100 SHS),Cash,0,,USD,0.49,1,0,,0.03,,-49.03,07/01/2025
06/27/2025,Individual,YOU BOUGHT OPENING TRANSACTION PUT (PLTR) PALANTIR JUL 25 25 $105 (100 SHS) (Margin),-PLTR250725P105,PUT (PLTR) PALANTIR JUL 25 25 $105 (100 SHS),Margin,0,,USD,0.58,1,0,0.65,0.03,,-58.68,06/30/2025
06/27/2025,Individual,YOU BOUGHT OPENING TRANSACTION PUT (PLTR) PALANTIR JUL 25 25 $105 (100 SHS) (Margin),-PLTR250725P105,PUT (PLTR) PALANTIR JUL 25 25 $105 (100 SHS),Margin,0,,USD,0.81,1,0,0.65,0.03,,-81.68,06/30/2025
06/27/2025,Individual,YOU SOLD OPENING TRANSACTION PUT (PLTR) PALANTIR JUL 25 25 $117 (100 SHS) (Margin),-PLTR250725P117,PUT (PLTR) PALANTIR JUL 25 25 $117 (100 SHS),Margin,0,,USD,1.48,-1,0,0.65,0.03,,147.32,06/30/2025
06/27/2025,Individual,YOU SOLD OPENING TRANSACTION PUT (PLTR) PALANTIR JUL 25 25 $117 (100 SHS) (Margin),-PLTR250725P117,PUT (PLTR) PALANTIR JUL 25 25 $117 (100 SHS),Margin,0,,USD,2.03,-1,0,0.65,0.03,,202.32,06/30/2025
06/26/2025,Individual,YOU SOLD OPENING TRANSACTION CALL (PLTR) PALANTIR SEP 18 26 $145 (100 SHS) (Margin),-PLTR260918C145,CALL (PLTR) PALANTIR SEP 18 26 $145 (100 SHS),Margin,0,,USD,41.51,-1,0,0.65,0.03,,4150.32,06/27/2025
06/26/2025,Individual,YOU BOUGHT CLOSING TRANSACTION CALL (PLTR) PALANTIR JUN 18 26 $140 (100 SHS) (Margin),-PLTR260618C140,CALL (PLTR) PALANTIR JUN 18 26 $140 (100 SHS),Margin,0,,USD,39.04,1,0,0.65,0.03,,-3904.68,06/27/2025
06/26/2025,ROTH IRA,YOU BOUGHT CLOSING TRANSACTION PUT (SOFI) SOFI TECHNOLOGIES JUL 11 25 $13 (100 SHS) (Cash),-SOFI250711P13,PUT (SOFI) SOFI TECHNOLOGIES JUL 11 25 $13 (100 SHS),Cash,0,,USD,0.05,1,0,,0.03,,-5.03,06/27/2025
06/25/2025,Individual,YOU SOLD OPENING TRANSACTION PUT (HIMS) HIMS &HERS HEALTH JUL 25 25 $42 (100 SHS) (Margin),-HIMS250725P42,PUT (HIMS) HIMS &HERS HEALTH JUL 25 25 $42 (100 SHS),Margin,0,,USD,4.45,-1,0,0.65,0.03,,444.32,06/26/2025
06/25/2025,Individual,YOU SOLD OPENING TRANSACTION PUT (HIMS) HIMS &HERS HEALTH JUL 11 25 $41 (100 SHS) (Margin),-HIMS250711P41,PUT (HIMS) HIMS &HERS HEALTH JUL 11 25 $41 (100 SHS),Margin,0,,USD,1.83,-1,0,0.65,0.03,,182.32,06/26/2025
06/25/2025,Individual,YOU BOUGHT CLOSING TRANSACTION PUT (HIMS) HIMS &HERS HEALTH JUL 03 25 $44 (100 SHS) (Margin),-HIMS250703P44,PUT (HIMS) HIMS &HERS HEALTH JUL 03 25 $44 (100 SHS),Margin,0,,USD,3.73,1,0,0.65,0.03,,-373.68,06/26/2025
06/25/2025,Individual,YOU BOUGHT CLOSING TRANSACTION PUT (SOFI) SOFI TECHNOLOGIES JUN 27 25 $13 (100 SHS) (Margin),-SOFI250627P13,PUT (SOFI) SOFI TECHNOLOGIES JUN 27 25 $13 (100 SHS),Margin,0,,USD,0.01,1,0,,0.03,,-1.03,06/26/2025
06/25/2025,Individual,YOU BOUGHT CLOSING TRANSACTION PUT (HIMS) HIMS &HERS HEALTH JUN 27 25 $44 (100 SHS) (Margin),-HIMS250627P44,PUT (HIMS) HIMS &HERS HEALTH JUN 27 25 $44 (100 SHS),Margin,0,,USD,1.39,1,0,0.65,0.03,,-139.68,06/26/2025
06/25/2025,Individual,YOU SOLD CLOSING TRANSACTION PUT (HIMS) HIMS &HERS HEALTH JUL 18 25 $34 (100 SHS) (Margin),-HIMS250718P34,PUT (HIMS) HIMS &HERS HEALTH JUL 18 25 $34 (100 SHS),Margin,0,,USD,0.9,-1,0,0.65,0.03,,89.32,06/26/2025
06/25/2025,Individual,YOU BOUGHT CLOSING TRANSACTION PUT (HIMS) HIMS &HERS HEALTH JUL 18 25 $43 (100 SHS) (Margin),-HIMS250718P43,PUT (HIMS) HIMS &HERS HEALTH JUL 18 25 $43 (100 SHS),Margin,0,,USD,4.51,1,0,0.65,0.03,,-451.68,06/26/2025
06/25/2025,Individual,YOU SOLD OPENING TRANSACTION PUT (HIMS) HIMS &HERS HEALTH JUL 18 25 $42 (100 SHS) (Margin),-HIMS250718P42,PUT (HIMS) HIMS &HERS HEALTH JUL 18 25 $42 (100 SHS),Margin,0,,USD,3.98,-1,0,0.65,0.03,,397.32,06/26/2025
06/25/2025,Rollover IRA,YOU SOLD OPENING TRANSACTION PUT (HIMS) HIMS &HERS HEALTH JUL 25 25 $43 (100 SHS) (Cash),-HIMS250725P43,PUT (HIMS) HIMS &HERS HEALTH JUL 25 25 $43 (100 SHS),Cash,0,,USD,3.85,-1,0,0.65,0.03,,384.32,06/26/2025
06/25/2025,Rollover IRA,YOU BOUGHT CLOSING TRANSACTION PUT (HIMS) HIMS &HERS HEALTH JUL 11 25 $45 (100 SHS) (Cash),-HIMS250711P45,PUT (HIMS) HIMS &HERS HEALTH JUL 11 25 $45 (100 SHS),Cash,0,,USD,3.81,1,0,0.65,0.03,,-381.68,06/26/2025
06/24/2025,ROTH IRA,YOU SOLD OPENING TRANSACTION PUT (HIMS) HIMS &HERS HEALTH JUL 25 25 $44 (100 SHS) (Cash),-HIMS250725P44,PUT (HIMS) HIMS &HERS HEALTH JUL 25 25 $44 (100 SHS),Cash,0,,USD,5,-1,0,0.65,0.03,,499.32,06/25/2025
06/24/2025,Individual,YOU SOLD CLOSING TRANSACTION PUT (HIMS) HIMS &HERS HEALTH JUL 03 25 $35 (100 SHS) (Margin),-HIMS250703P35,PUT (HIMS) HIMS &HERS HEALTH JUL 03 25 $35 (100 SHS),Margin,0,,USD,0.28,-1,0,0.65,0.03,,27.32,06/25/2025
06/24/2025,Individual,YOU SOLD CLOSING TRANSACTION PUT (HIMS) HIMS &HERS HEALTH JUN 27 25 $35 (100 SHS) (Margin),-HIMS250627P35,PUT (HIMS) HIMS &HERS HEALTH JUN 27 25 $35 (100 SHS),Margin,0,,USD,0.11,-1,0,0.55,0.03,,10.42,06/25/2025
06/24/2025,Individual,YOU SOLD CLOSING TRANSACTION PUT (PLTR) PALANTIR JUN 27 25 $101 (100 SHS) (Margin),-PLTR250627P101,PUT (PLTR) PALANTIR JUN 27 25 $101 (100 SHS),Margin,0,,USD,0.01,-1,0,0.05,0.03,,0.92,06/25/2025
06/24/2025,ROTH IRA,YOU SOLD CLOSING TRANSACTION PUT (HIMS) HIMS &HERS HEALTH JUL 03 25 $35 (100 SHS) (Margin),-HIMS250703P35,PUT (HIMS) HIMS &HERS HEALTH JUL 03 25 $35 (100 SHS),Margin,0,,USD,0.31,-1,0,0.65,0.03,,30.32,06/25/2025
06/24/2025,Individual,YOU BOUGHT CLOSING TRANSACTION PUT (PLTR) PALANTIR JUN 27 25 $111 (100 SHS) (Margin),-PLTR250627P111,PUT (PLTR) PALANTIR JUN 27 25 $111 (100 SHS),Margin,0,,USD,0.03,1,0,,0.03,,-3.03,06/25/2025
06/24/2025,ROTH IRA,YOU BOUGHT CLOSING TRANSACTION PUT (HIMS) HIMS &HERS HEALTH JUL 03 25 $45 (100 SHS) (Margin),-HIMS250703P45,PUT (HIMS) HIMS &HERS HEALTH JUL 03 25 $45 (100 SHS),Margin,0,,USD,3.76,1,0,0.65,0.03,,-376.68,06/25/2025
06/24/2025,Individual,YOU SOLD CLOSING TRANSACTION PUT (NVDA) NVIDIA CORPORATION JUN 27 25 $108 (100 SHS) (Margin),-NVDA250627P108,PUT (NVDA) NVIDIA CORPORATION JUN 27 25 $108 (100 SHS),Margin,0,,USD,0.01,-2,0,0.1,0.06,,1.84,06/25/2025
06/24/2025,Individual,YOU BOUGHT CLOSING TRANSACTION PUT (NVDA) NVIDIA CORPORATION JUN 27 25 $118 (100 SHS) (Margin),-NVDA250627P118,PUT (NVDA) NVIDIA CORPORATION JUN 27 25 $118 (100 SHS),Margin,0,,USD,0.03,2,0,,0.06,,-6.06,06/25/2025
06/24/2025,ROTH IRA,"YOU BOUGHT CLOSING TRANSACTION PUT (MARA) MARA HOLDINGS, INC. JUN 27 25 $14 (100 SHS) (Cash)",-MARA250627P14,"PUT (MARA) MARA HOLDINGS, INC. JUN 27 25 $14 (100 SHS)",Cash,0,,USD,0.09,1,0,,0.03,,-9.03,06/25/2025
06/24/2025,Individual,YOU SOLD OPENING TRANSACTION PUT (HIMS) HIMS &HERS HEALTH JUL 18 25 $37 (100 SHS) (Margin),-HIMS250718P37,PUT (HIMS) HIMS &HERS HEALTH JUL 18 25 $37 (100 SHS),Margin,0,,USD,1.28,-1,0,0.65,0.03,,127.32,06/25/2025
06/24/2025,ROTH IRA,YOU BOUGHT OPENING TRANSACTION PUT (HIMS) HIMS &HERS HEALTH JUL 18 25 $33 (100 SHS) (Margin),-HIMS250718P33,PUT (HIMS) HIMS &HERS HEALTH JUL 18 25 $33 (100 SHS),Margin,0,,USD,0.64,1,0,0.65,0.03,,-64.68,06/25/2025
06/24/2025,Individual,YOU BOUGHT OPENING TRANSACTION PUT (HIMS) HIMS &HERS HEALTH JUL 18 25 $27 (100 SHS) (Margin),-HIMS250718P27,PUT (HIMS) HIMS &HERS HEALTH JUL 18 25 $27 (100 SHS),Margin,0,,USD,0.13,1,0,0.65,0.03,,-13.68,06/25/2025
06/24/2025,ROTH IRA,YOU BOUGHT CLOSING TRANSACTION PUT (HIMS) HIMS &HERS HEALTH JUL 18 25 $45 (100 SHS) (Cash),-HIMS250718P45,PUT (HIMS) HIMS &HERS HEALTH JUL 18 25 $45 (100 SHS),Cash,0,,USD,5.1,1,0,0.65,0.03,,-510.68,06/25/2025
06/24/2025,ROTH IRA,YOU SOLD OPENING TRANSACTION PUT (HIMS) HIMS &HERS HEALTH JUL 18 25 $43 (100 SHS) (Margin),-HIMS250718P43,PUT (HIMS) HIMS &HERS HEALTH JUL 18 25 $43 (100 SHS),Margin,0,,USD,3.97,-1,0,0.65,0.03,,396.32,06/25/2025
06/24/2025,Rollover IRA,YOU SOLD OPENING TRANSACTION PUT (HIMS) HIMS &HERS HEALTH JUL 18 25 $37 (100 SHS) (Cash),-HIMS250718P37,PUT (HIMS) HIMS &HERS HEALTH JUL 18 25 $37 (100 SHS),Cash,0,,USD,1.31,-1,0,0.65,0.03,,130.32,06/25/2025
06/23/2025,Individual,EXPIRED PUT (SCHD) SCHWAB US DIVIDEND JUN 20 25 $25.5 as of Jun-20-2025 PUT (SCHD) SCHWAB US DIVIDEND JUN 20 25 $25.5 (100 SHS) (Margin),-SCHD250620P25.5,PUT (SCHD) SCHWAB US DIVIDEND JUN 20 25 $25.5 (100 SHS),Margin,0,,USD,,1,0,,,,0,
06/23/2025,Individual,EXPIRED PUT (SCHD) SCHWAB US DIVIDEND JUN 20 25 $26 as of Jun-20-2025 PUT (SCHD) SCHWAB US DIVIDEND JUN 20 25 $26 (100 SHS) (Margin),-SCHD250620P26,PUT (SCHD) SCHWAB US DIVIDEND JUN 20 25 $26 (100 SHS),Margin,0,,USD,,1,0,,,,0,
06/23/2025,Individual,EXPIRED PUT (PLTR) PALANTIR JUN 20 25 $105 as of Jun-20-2025 PUT (PLTR) PALANTIR JUN 20 25 $105 (100 SHS) (Margin),-PLTR250620P105,PUT (PLTR) PALANTIR JUN 20 25 $105 (100 SHS),Margin,0,,USD,,2,0,,,,0,
06/23/2025,Individual,EXPIRED PUT (PLTR) PALANTIR JUN 20 25 $95 as of Jun-20-2025 PUT (PLTR) PALANTIR JUN 20 25 $95 (100 SHS) (Margin),-PLTR250620P95,PUT (PLTR) PALANTIR JUN 20 25 $95 (100 SHS),Margin,0,,USD,,-2,0,,,,0,
06/23/2025,ROTH IRA,"YOU SOLD OPENING TRANSACTION PUT (MARA) MARA HOLDINGS, INC. JUL 25 25 $13 (100 SHS) (Cash)",-MARA250725P13,"PUT (MARA) MARA HOLDINGS, INC. JUL 25 25 $13 (100 SHS)",Cash,0,,USD,0.59,-1,0,0.65,0.03,,58.32,06/24/2025
06/23/2025,ROTH IRA,YOU BOUGHT CLOSING TRANSACTION PUT (HIMS) HIMS &HERS HEALTH JUL 11 25 $46 (100 SHS) (Cash),-HIMS250711P46,PUT (HIMS) HIMS &HERS HEALTH JUL 11 25 $46 (100 SHS),Cash,0,,USD,4.65,1,0,0.65,0.03,,-465.68,06/24/2025
06/23/2025,Individual,"YOU SOLD OPENING TRANSACTION PUT (MARA) MARA HOLDINGS, INC. JUL 18 25 $12 (100 SHS) (Margin)",-MARA250718P12,"PUT (MARA) MARA HOLDINGS, INC. JUL 18 25 $12 (100 SHS)",Margin,0,,USD,0.31,-1,0,0.65,0.03,,30.32,06/24/2025
06/23/2025,ROTH IRA,YOU BOUGHT OPENING TRANSACTION PUT (HIMS) HIMS &HERS HEALTH JUL 03 25 $35 (100 SHS) (Margin),-HIMS250703P35,PUT (HIMS) HIMS &HERS HEALTH JUL 03 25 $35 (100 SHS),Margin,0,,USD,0.35,1,0,0.65,0.03,,-35.68,06/24/2025
06/23/2025,Rollover IRA,"YOU SOLD OPENING TRANSACTION PUT (MARA) MARA HOLDINGS, INC. JUL 25 25 $12 (100 SHS) (Cash)",-MARA250725P12,"PUT (MARA) MARA HOLDINGS, INC. JUL 25 25 $12 (100 SHS)",Cash,0,,USD,0.31,-1,0,0.65,0.03,,30.32,06/24/2025
06/23/2025,Individual,YOU SOLD OPENING TRANSACTION PUT (HIMS) HIMS &HERS HEALTH JUL 18 25 $38 (100 SHS) (Margin),-HIMS250718P38,PUT (HIMS) HIMS &HERS HEALTH JUL 18 25 $38 (100 SHS),Margin,0,,USD,1.46,-1,0,0.65,0.03,,145.32,06/24/2025
06/23/2025,ROTH IRA,YOU SOLD OPENING TRANSACTION PUT (HIMS) HIMS &HERS HEALTH JUL 03 25 $45 (100 SHS) (Margin),-HIMS250703P45,PUT (HIMS) HIMS &HERS HEALTH JUL 03 25 $45 (100 SHS),Margin,0,,USD,2.99,-1,0,0.65,0.03,,298.32,06/24/2025
06/23/2025,Individual,YOU SOLD OPENING TRANSACTION PUT (HIMS) HIMS &HERS HEALTH JUL 18 25 $37 (100 SHS) (Margin),-HIMS250718P37,PUT (HIMS) HIMS &HERS HEALTH JUL 18 25 $37 (100 SHS),Margin,0,,USD,1.17,-1,0,0.65,0.03,,116.32,06/24/2025
06/23/2025,ROTH IRA,YOU SOLD CLOSING TRANSACTION PUT (HIMS) HIMS &HERS HEALTH JUN 27 25 $35 (100 SHS) (Margin),-HIMS250627P35,PUT (HIMS) HIMS &HERS HEALTH JUN 27 25 $35 (100 SHS),Margin,0,,USD,0.13,-1,0,0.65,0.03,,12.32,06/24/2025
06/23/2025,Rollover IRA,"YOU SOLD OPENING TRANSACTION PUT (MARA) MARA HOLDINGS, INC. JUL 25 25 $13 (100 SHS) (Cash)",-MARA250725P13,"PUT (MARA) MARA HOLDINGS, INC. JUL 25 25 $13 (100 SHS)",Cash,0,,USD,0.73,-1,0,0.65,0.03,,72.32,06/24/2025
06/23/2025,Individual,YOU BOUGHT OPENING TRANSACTION PUT (HIMS) HIMS &HERS HEALTH JUL 18 25 $27 (100 SHS) (Margin),-HIMS250718P27,PUT (HIMS) HIMS &HERS HEALTH JUL 18 25 $27 (100 SHS),Margin,0,,USD,0.13,1,0,0.65,0.03,,-13.68,06/24/2025
06/23/2025,ROTH IRA,YOU BOUGHT CLOSING TRANSACTION PUT (HIMS) HIMS &HERS HEALTH JUN 27 25 $46 (100 SHS) (Margin),-HIMS250627P46,PUT (HIMS) HIMS &HERS HEALTH JUN 27 25 $46 (100 SHS),Margin,0,,USD,3,1,0,0.65,0.03,,-300.68,06/24/2025
06/23/2025,Rollover IRA,YOU SOLD OPENING TRANSACTION PUT (HIMS) HIMS &HERS HEALTH JUL 11 25 $45 (100 SHS) (Cash),-HIMS250711P45,PUT (HIMS) HIMS &HERS HEALTH JUL 11 25 $45 (100 SHS),Cash,0,,USD,3.47,-1,0,0.65,0.03,,346.32,06/24/2025
06/23/2025,Individual,YOU BOUGHT OPENING TRANSACTION PUT (HIMS) HIMS &HERS HEALTH JUL 18 25 $27 (100 SHS) (Margin),-HIMS250718P27,PUT (HIMS) HIMS &HERS HEALTH JUL 18 25 $27 (100 SHS),Margin,0,,USD,0.15,1,0,0.65,0.03,,-15.68,06/24/2025
06/23/2025,ROTH IRA,"YOU BOUGHT CLOSING TRANSACTION PUT (MARA) MARA HOLDINGS, INC. JUL 18 25 $13 (100 SHS) (Cash)",-MARA250718P13,"PUT (MARA) MARA HOLDINGS, INC. JUL 18 25 $13 (100 SHS)",Cash,0,,USD,0.48,1,0,,0.03,,-48.03,06/24/2025
06/23/2025,Rollover IRA,YOU BOUGHT CLOSING TRANSACTION PUT (HIMS) HIMS &HERS HEALTH JUL 03 25 $45 (100 SHS) (Cash),-HIMS250703P45,PUT (HIMS) HIMS &HERS HEALTH JUL 03 25 $45 (100 SHS),Cash,0,,USD,2.58,1,0,0.65,0.03,,-258.68,06/24/2025
06/23/2025,ROTH IRA,YOU SOLD OPENING TRANSACTION PUT (HIMS) HIMS &HERS HEALTH JUL 18 25 $45 (100 SHS) (Cash),-HIMS250718P45,PUT (HIMS) HIMS &HERS HEALTH JUL 18 25 $45 (100 SHS),Cash,0,,USD,4.6,-1,0,0.65,0.03,,459.32,06/24/2025
06/23/2025,Rollover IRA,"YOU BOUGHT CLOSING TRANSACTION PUT (MARA) MARA HOLDINGS, INC. JUL 18 25 $13 (100 SHS) (Cash)",-MARA250718P13,"PUT (MARA) MARA HOLDINGS, INC. JUL 18 25 $13 (100 SHS)",Cash,0,,USD,0.62,1,0,,0.03,,-62.03,06/24/2025
06/23/2025,Rollover IRA,"YOU SOLD OPENING TRANSACTION PUT (MARA) MARA HOLDINGS, INC. JUL 18 25 $13 (100 SHS) (Cash)",-MARA250718P13,"PUT (MARA) MARA HOLDINGS, INC. JUL 18 25 $13 (100 SHS)",Cash,0,,USD,0.48,-1,0,0.65,0.03,,47.32,06/24/2025
06/20/2025,Individual,"YOU SOLD OPENING TRANSACTION PUT (MARA) MARA HOLDINGS, INC. JUL 25 25 $13.5 (100 SHS) (Margin)",-MARA250725P13.5,"PUT (MARA) MARA HOLDINGS, INC. JUL 25 25 $13.5 (100 SHS)",Margin,0,,USD,0.82,-1,0,0.65,0.03,,81.32,06/23/2025
06/20/2025,Rollover IRA,"YOU SOLD OPENING TRANSACTION PUT (MARA) MARA HOLDINGS, INC. JUL 25 25 $13 (100 SHS) (Cash)",-MARA250725P13,"PUT (MARA) MARA HOLDINGS, INC. JUL 25 25 $13 (100 SHS)",Cash,0,,USD,0.62,-1,0,0.65,0.03,,61.32,06/23/2025
06/18/2025,Individual,YOU SOLD CLOSING TRANSACTION PUT (AAPL) APPLE INC JUL 11 25 $175 (100 SHS) (Margin),-AAPL250711P175,PUT (AAPL) APPLE INC JUL 11 25 $175 (100 SHS),Margin,0,,USD,0.58,-2,0,1.3,0.06,,114.64,06/20/2025
06/18/2025,Individual,YOU BOUGHT CLOSING TRANSACTION PUT (AAPL) APPLE INC JUL 11 25 $185 (100 SHS) (Margin),-AAPL250711P185,PUT (AAPL) APPLE INC JUL 11 25 $185 (100 SHS),Margin,0,,USD,1.59,2,0,1.3,0.06,,-319.36,06/20/2025
06/18/2025,Individual,YOU BOUGHT OPENING TRANSACTION PUT (AAPL) APPLE INC JUL 18 25 $175 (100 SHS) (Margin),-AAPL250718P175,PUT (AAPL) APPLE INC JUL 18 25 $175 (100 SHS),Margin,0,,USD,0.91,2,0,1.3,0.06,,-183.36,06/20/2025
06/18/2025,Individual,YOU SOLD OPENING TRANSACTION PUT (AAPL) APPLE INC JUL 18 25 $185 (100 SHS) (Margin),-AAPL250718P185,PUT (AAPL) APPLE INC JUL 18 25 $185 (100 SHS),Margin,0,,USD,2.2,-2,0,1.3,0.06,,438.64,06/20/2025
06/17/2025,Individual,YOU SOLD CLOSING TRANSACTION PUT (HIMS) HIMS &HERS HEALTH JUN 27 25 $30 (100 SHS) (Margin),-HIMS250627P30,PUT (HIMS) HIMS &HERS HEALTH JUN 27 25 $30 (100 SHS),Margin,0,,USD,0.02,-1,0,0.1,0.03,,1.87,06/18/2025
06/17/2025,Individual,YOU BOUGHT CLOSING TRANSACTION PUT (HIMS) HIMS &HERS HEALTH JUN 27 25 $40 (100 SHS) (Margin),-HIMS250627P40,PUT (HIMS) HIMS &HERS HEALTH JUN 27 25 $40 (100 SHS),Margin,0,,USD,0.05,1,0,,0.03,,-5.03,06/18/2025
06/17/2025,Individual,"YOU SOLD OPENING TRANSACTION PUT (MARA) MARA HOLDINGS, INC. JUL 18 25 $13 (100 SHS) (Margin)",-MARA250718P13,"PUT (MARA) MARA HOLDINGS, INC. JUL 18 25 $13 (100 SHS)",Margin,0,,USD,0.47,-1,0,0.65,0.03,,46.32,06/18/2025
06/17/2025,ROTH IRA,"YOU SOLD OPENING TRANSACTION PUT (MARA) MARA HOLDINGS, INC. JUL 11 25 $13.5 (100 SHS) (Cash)",-MARA250711P13.5,"PUT (MARA) MARA HOLDINGS, INC. JUL 11 25 $13.5 (100 SHS)",Cash,0,,USD,0.5,-1,0,0.65,0.03,,49.32,06/18/2025
06/17/2025,ROTH IRA,YOU SOLD OPENING TRANSACTION PUT (SOFI) SOFI TECHNOLOGIES JUL 18 25 $13 (100 SHS) (Cash),-SOFI250718P13,PUT (SOFI) SOFI TECHNOLOGIES JUL 18 25 $13 (100 SHS),Cash,0,,USD,0.37,-1,0,0.65,0.03,,36.32,06/18/2025
06/17/2025,Rollover IRA,"YOU SOLD OPENING TRANSACTION PUT (MARA) MARA HOLDINGS, INC. JUL 18 25 $13 (100 SHS) (Cash)",-MARA250718P13,"PUT (MARA) MARA HOLDINGS, INC. JUL 18 25 $13 (100 SHS)",Cash,0,,USD,0.46,-1,0,0.65,0.03,,45.32,06/18/2025
06/16/2025,Individual,EXPIRED PUT (PLTR) PALANTIR JUN 13 25 $97 as of Jun-13-2025 PUT (PLTR) PALANTIR JUN 13 25 $97 (100 SHS) (Margin),-PLTR250613P97,PUT (PLTR) PALANTIR JUN 13 25 $97 (100 SHS),Margin,0,,USD,,-1,0,,,,0,
06/16/2025,Individual,EXPIRED PUT (PLTR) PALANTIR JUN 13 25 $95 as of Jun-13-2025 PUT (PLTR) PALANTIR JUN 13 25 $95 (100 SHS) (Margin),-PLTR250613P95,PUT (PLTR) PALANTIR JUN 13 25 $95 (100 SHS),Margin,0,,USD,,-1,0,,,,0,
06/16/2025,Individual,EXPIRED PUT (PLTR) PALANTIR JUN 13 25 $107 as of Jun-13-2025 PUT (PLTR) PALANTIR JUN 13 25 $107 (100 SHS) (Margin),-PLTR250613P107,PUT (PLTR) PALANTIR JUN 13 25 $107 (100 SHS),Margin,0,,USD,,1,0,,,,0,
06/16/2025,Individual,EXPIRED PUT (PLTR) PALANTIR JUN 13 25 $105 as of Jun-13-2025 PUT (PLTR) PALANTIR JUN 13 25 $105 (100 SHS) (Margin),-PLTR250613P105,PUT (PLTR) PALANTIR JUN 13 25 $105 (100 SHS),Margin,0,,USD,,1,0,,,,0,
06/16/2025,Individual,"YOU SOLD OPENING TRANSACTION PUT (MARA) MARA HOLDINGS, INC. JUL 25 25 $14.5 (100 SHS) (Margin)",-MARA250725P14.5,"PUT (MARA) MARA HOLDINGS, INC. JUL 25 25 $14.5 (100 SHS)",Margin,0,,USD,0.9,-1,0,0.65,0.03,,89.32,06/17/2025
06/16/2025,Individual,"YOU BOUGHT CLOSING TRANSACTION PUT (MARA) MARA HOLDINGS, INC. JUL 11 25 $14.5 (100 SHS) (Margin)",-MARA250711P14.5,"PUT (MARA) MARA HOLDINGS, INC. JUL 11 25 $14.5 (100 SHS)",Margin,0,,USD,0.64,1,0,,0.03,,-64.03,06/17/2025
06/16/2025,Individual,YOU BOUGHT CLOSING TRANSACTION CALL (SCHD) SCHWAB US DIVIDEND JUL 03 25 $27 (100 SHS) (Margin),-SCHD250703C27,CALL (SCHD) SCHWAB US DIVIDEND JUL 03 25 $27 (100 SHS),Margin,0,,USD,0.16,3,0,,0.09,,-48.09,06/17/2025
06/16/2025,Individual,YOU BOUGHT CLOSING TRANSACTION PUT (HIMS) HIMS &HERS HEALTH JUN 20 25 $41 (100 SHS) (Margin),-HIMS250620P41,PUT (HIMS) HIMS &HERS HEALTH JUN 20 25 $41 (100 SHS),Margin,0,,USD,0.04,1,0,,0.03,,-4.03,06/17/2025
06/16/2025,Individual,YOU SOLD CLOSING TRANSACTION PUT (HIMS) HIMS &HERS HEALTH JUN 20 25 $31 (100 SHS) (Margin),-HIMS250620P31,PUT (HIMS) HIMS &HERS HEALTH JUN 20 25 $31 (100 SHS),Margin,0,,USD,0.01,-1,0,0.05,0.03,,0.92,06/17/2025
06/16/2025,Individual,YOU SOLD OPENING TRANSACTION CALL (SCHD) SCHWAB US DIVIDEND JUL 18 25 $27 (100 SHS) (Margin),-SCHD250718C27,CALL (SCHD) SCHWAB US DIVIDEND JUL 18 25 $27 (100 SHS),Margin,0,,USD,0.29,-3,0,1.95,0.09,,84.96,06/17/2025
06/13/2025,Individual,YOU SOLD OPENING TRANSACTION PUT (SOFI) SOFI TECHNOLOGIES JUL 11 25 $12.5 (100 SHS) (Margin),-SOFI250711P12.5,PUT (SOFI) SOFI TECHNOLOGIES JUL 11 25 $12.5 (100 SHS),Margin,0,,USD,0.22,-1,0,0.65,0.03,,21.32,06/16/2025
06/13/2025,Individual,"YOU BOUGHT CLOSING TRANSACTION PUT (MARA) MARA HOLDINGS, INC. JUL 11 25 $15 (100 SHS) (Margin)",-MARA250711P15,"PUT (MARA) MARA HOLDINGS, INC. JUL 11 25 $15 (100 SHS)",Margin,0,,USD,1.19,1,0,0.65,0.03,,-119.68,06/16/2025
06/13/2025,Individual,YOU BOUGHT CLOSING TRANSACTION PUT (SOFI) SOFI TECHNOLOGIES JUL 03 25 $12 (100 SHS) (Margin),-SOFI250703P12,PUT (SOFI) SOFI TECHNOLOGIES JUL 03 25 $12 (100 SHS),Margin,0,,USD,0.09,1,0,,0.03,,-9.03,06/16/2025
06/13/2025,Individual,YOU SOLD CLOSING TRANSACTION PUT (PLTR) PALANTIR JUN 13 25 $98 (100 SHS) (Margin),-PLTR250613P98,PUT (PLTR) PALANTIR JUN 13 25 $98 (100 SHS),Margin,0,,USD,0.01,-1,0,0.05,0.03,,0.92,06/16/2025
06/13/2025,Individual,YOU BOUGHT CLOSING TRANSACTION PUT (PLTR) PALANTIR JUN 13 25 $108 (100 SHS) (Margin),-PLTR250613P108,PUT (PLTR) PALANTIR JUN 13 25 $108 (100 SHS),Margin,0,,USD,0.02,1,0,,0.03,,-2.03,06/16/2025
06/13/2025,Individual,"YOU SOLD OPENING TRANSACTION PUT (MARA) MARA HOLDINGS, INC. JUL 18 25 $15 (100 SHS) (Margin)",-MARA250718P15,"PUT (MARA) MARA HOLDINGS, INC. JUL 18 25 $15 (100 SHS)",Margin,0,,USD,1.36,-1,0,0.65,0.03,,135.32,06/16/2025
06/13/2025,Individual,YOU BOUGHT OPENING TRANSACTION PUT (HIMS) HIMS &HERS HEALTH JUL 18 25 $34 (100 SHS) (Margin),-HIMS250718P34,PUT (HIMS) HIMS &HERS HEALTH JUL 18 25 $34 (100 SHS),Margin,0,,USD,0.11,1,0,0.55,0.03,,-11.58,06/16/2025
06/13/2025,Individual,YOU SOLD OPENING TRANSACTION CALL (PLTR) PALANTIR JUN 18 26 $140 (100 SHS) (Margin),-PLTR260618C140,CALL (PLTR) PALANTIR JUN 18 26 $140 (100 SHS),Margin,0,,USD,35.93,-1,0,0.65,0.03,,3592.32,06/16/2025
06/13/2025,Individual,YOU BOUGHT CLOSING TRANSACTION CALL (PLTR) PALANTIR FEB 20 26 $130 (100 SHS) (Margin),-PLTR260220C130,CALL (PLTR) PALANTIR FEB 20 26 $130 (100 SHS),Margin,0,,USD,33.94,1,0,0.65,0.03,,-3394.68,06/16/2025
06/13/2025,Individual,YOU SOLD OPENING TRANSACTION PUT (HIMS) HIMS &HERS HEALTH JUL 18 25 $43 (100 SHS) (Margin),-HIMS250718P43,PUT (HIMS) HIMS &HERS HEALTH JUL 18 25 $43 (100 SHS),Margin,0,,USD,1.19,-1,0,0.65,0.03,,118.32,06/16/2025
06/13/2025,ROTH IRA,YOU SOLD OPENING TRANSACTION PUT (SOFI) SOFI TECHNOLOGIES JUL 11 25 $13 (100 SHS) (Cash),-SOFI250711P13,PUT (SOFI) SOFI TECHNOLOGIES JUL 11 25 $13 (100 SHS),Cash,0,,USD,0.31,-1,0,0.65,0.03,,30.32,06/16/2025
06/13/2025,ROTH IRA,"YOU BOUGHT CLOSING TRANSACTION PUT (MARA) MARA HOLDINGS, INC. JUL 11 25 $14 (100 SHS) (Cash)",-MARA250711P14,"PUT (MARA) MARA HOLDINGS, INC. JUL 11 25 $14 (100 SHS)",Cash,0,,USD,0.81,1,0,0.65,0.03,,-81.68,06/16/2025
06/13/2025,Rollover IRA,"YOU SOLD OPENING TRANSACTION PUT (MARA) MARA HOLDINGS, INC. JUL 25 25 $14 (100 SHS) (Cash)",-MARA250725P14,"PUT (MARA) MARA HOLDINGS, INC. JUL 25 25 $14 (100 SHS)",Cash,0,,USD,1.09,-1,0,0.65,0.03,,108.32,06/16/2025
06/13/2025,ROTH IRA,"YOU SOLD OPENING TRANSACTION PUT (MARA) MARA HOLDINGS, INC. JUL 18 25 $14 (100 SHS) (Cash)",-MARA250718P14,"PUT (MARA) MARA HOLDINGS, INC. JUL 18 25 $14 (100 SHS)",Cash,0,,USD,0.95,-1,0,0.65,0.03,,94.32,06/16/2025
06/13/2025,Rollover IRA,"YOU BOUGHT CLOSING TRANSACTION PUT (MARA) MARA HOLDINGS, INC. JUL 18 25 $14 (100 SHS) (Cash)",-MARA250718P14,"PUT (MARA) MARA HOLDINGS, INC. JUL 18 25 $14 (100 SHS)",Cash,0,,USD,0.98,1,0,0.65,0.03,,-98.68,06/16/2025
06/13/2025,ROTH IRA,"YOU SOLD OPENING TRANSACTION PUT (MARA) MARA HOLDINGS, INC. JUL 18 25 $13 (100 SHS) (Cash)",-MARA250718P13,"PUT (MARA) MARA HOLDINGS, INC. JUL 18 25 $13 (100 SHS)",Cash,0,,USD,0.37,-1,0,0.65,0.03,,36.32,06/16/2025
06/12/2025,Individual,YOU SOLD CLOSING TRANSACTION PUT (PLTR) PALANTIR JUN 13 25 $100 (100 SHS) (Margin),-PLTR250613P100,PUT (PLTR) PALANTIR JUN 13 25 $100 (100 SHS),Margin,0,,USD,0.01,-1,0,0.05,0.03,,0.92,06/13/2025
06/12/2025,Individual,YOU BOUGHT CLOSING TRANSACTION PUT (PLTR) PALANTIR JUN 13 25 $110 (100 SHS) (Margin),-PLTR250613P110,PUT (PLTR) PALANTIR JUN 13 25 $110 (100 SHS),Margin,0,,USD,0.04,1,0,,0.03,,-4.03,06/13/2025
06/12/2025,Individual,YOU SOLD CLOSING TRANSACTION PUT (HIMS) HIMS &HERS HEALTH JUN 13 25 $33 (100 SHS) (Margin),-HIMS250613P33,PUT (HIMS) HIMS &HERS HEALTH JUN 13 25 $33 (100 SHS),Margin,0,,USD,0.01,-1,0,0.05,0.03,,0.92,06/13/2025
06/12/2025,Individual,YOU BOUGHT CLOSING TRANSACTION PUT (HIMS) HIMS &HERS HEALTH JUN 13 25 $43 (100 SHS) (Margin),-HIMS250613P43,PUT (HIMS) HIMS &HERS HEALTH JUN 13 25 $43 (100 SHS),Margin,0,,USD,0.02,1,0,,0.03,,-2.03,06/13/2025
06/12/2025,ROTH IRA,YOU SOLD OPENING TRANSACTION PUT (HIMS) HIMS &HERS HEALTH JUL 11 25 $46 (100 SHS) (Cash),-HIMS250711P46,PUT (HIMS) HIMS &HERS HEALTH JUL 11 25 $46 (100 SHS),Cash,0,,USD,1.25,-1,0,0.65,0.03,,124.32,06/13/2025
06/12/2025,Rollover IRA,"YOU SOLD OPENING TRANSACTION PUT (MARA) MARA HOLDINGS, INC. JUL 18 25 $14 (100 SHS) (Cash)",-MARA250718P14,"PUT (MARA) MARA HOLDINGS, INC. JUL 18 25 $14 (100 SHS)",Cash,0,,USD,0.54,-1,0,0.65,0.03,,53.32,06/13/2025
06/11/2025,Individual,"YOU SOLD OPENING TRANSACTION PUT (MARA) MARA HOLDINGS, INC. JUL 11 25 $15 (100 SHS) (Margin)",-MARA250711P15,"PUT (MARA) MARA HOLDINGS, INC. JUL 11 25 $15 (100 SHS)",Margin,0,,USD,0.61,-1,0,0.65,0.03,,60.32,06/12/2025
06/11/2025,Individual,"YOU SOLD OPENING TRANSACTION PUT (MARA) MARA HOLDINGS, INC. JUL 11 25 $14.5 (100 SHS) (Margin)",-MARA250711P14.5,"PUT (MARA) MARA HOLDINGS, INC. JUL 11 25 $14.5 (100 SHS)",Margin,0,,USD,0.47,-1,0,0.65,0.03,,46.32,06/12/2025
06/11/2025,Individual,YOU BOUGHT OPENING TRANSACTION PUT (AAPL) APPLE INC JUL 11 25 $175 (100 SHS) (Margin),-AAPL250711P175,PUT (AAPL) APPLE INC JUL 11 25 $175 (100 SHS),Margin,0,,USD,0.67,1,0,0.65,0.03,,-67.68,06/12/2025
06/11/2025,ROTH IRA,"YOU SOLD OPENING TRANSACTION PUT (MARA) MARA HOLDINGS, INC. JUL 11 25 $14 (100 SHS) (Cash)",-MARA250711P14,"PUT (MARA) MARA HOLDINGS, INC. JUL 11 25 $14 (100 SHS)",Cash,0,,USD,0.43,-1,0,0.65,0.03,,42.32,06/12/2025
06/11/2025,Individual,YOU BOUGHT OPENING TRANSACTION PUT (AAPL) APPLE INC JUL 11 25 $175 (100 SHS) (Margin),-AAPL250711P175,PUT (AAPL) APPLE INC JUL 11 25 $175 (100 SHS),Margin,0,,USD,0.82,1,0,0.65,0.03,,-82.68,06/12/2025
06/11/2025,Individual,YOU SOLD OPENING TRANSACTION PUT (AAPL) APPLE INC JUL 11 25 $185 (100 SHS) (Margin),-AAPL250711P185,PUT (AAPL) APPLE INC JUL 11 25 $185 (100 SHS),Margin,0,,USD,1.59,-1,0,0.65,0.03,,158.32,06/12/2025
06/11/2025,Individual,YOU SOLD OPENING TRANSACTION PUT (AAPL) APPLE INC JUL 11 25 $185 (100 SHS) (Margin),-AAPL250711P185,PUT (AAPL) APPLE INC JUL 11 25 $185 (100 SHS),Margin,0,,USD,1.93,-1,0,0.65,0.03,,192.32,06/12/2025
06/11/2025,Individual,YOU SOLD CLOSING TRANSACTION PUT (AAPL) APPLE INC JUL 03 25 $175 (100 SHS) (Margin),-AAPL250703P175,PUT (AAPL) APPLE INC JUL 03 25 $175 (100 SHS),Margin,0,,USD,0.52,-1,0,0.65,0.03,,51.32,06/12/2025
06/11/2025,Individual,YOU BOUGHT CLOSING TRANSACTION PUT (AAPL) APPLE INC JUL 03 25 $185 (100 SHS) (Margin),-AAPL250703P185,PUT (AAPL) APPLE INC JUL 03 25 $185 (100 SHS),Margin,0,,USD,1.31,1,0,0.65,0.03,,-131.68,06/12/2025
06/10/2025,ROTH IRA,YOU SOLD OPENING TRANSACTION CALL (SCHD) SCHWAB US DIVIDEND JUL 25 25 $27 (100 SHS) (Cash),-SCHD250725C27,CALL (SCHD) SCHWAB US DIVIDEND JUL 25 25 $27 (100 SHS),Cash,0,,USD,0.55,-1,0,0.65,0.03,,54.32,06/11/2025
06/10/2025,ROTH IRA,YOU BOUGHT CLOSING TRANSACTION CALL (SCHD) SCHWAB US DIVIDEND JUN 20 25 $26.5 (100 SHS) (Cash),-SCHD250620C26.5,CALL (SCHD) SCHWAB US DIVIDEND JUN 20 25 $26.5 (100 SHS),Cash,0,,USD,0.6,1,0,,0.03,,-60.03,06/11/2025
06/10/2025,ROTH IRA,YOU BOUGHT OPENING TRANSACTION PUT (HIMS) HIMS &HERS HEALTH JUN 27 25 $35 (100 SHS) (Margin),-HIMS250627P35,PUT (HIMS) HIMS &HERS HEALTH JUN 27 25 $35 (100 SHS),Margin,0,,USD,0.11,1,0,0.55,0.03,,-11.58,06/11/2025
06/10/2025,ROTH IRA,YOU SOLD OPENING TRANSACTION PUT (HIMS) HIMS &HERS HEALTH JUN 27 25 $46 (100 SHS) (Margin),-HIMS250627P46,PUT (HIMS) HIMS &HERS HEALTH JUN 27 25 $46 (100 SHS),Margin,0,,USD,1.05,-1,0,0.65,0.03,,104.32,06/11/2025
06/10/2025,Rollover IRA,YOU SOLD OPENING TRANSACTION PUT (HIMS) HIMS &HERS HEALTH JUL 03 25 $45 (100 SHS) (Cash),-HIMS250703P45,PUT (HIMS) HIMS &HERS HEALTH JUL 03 25 $45 (100 SHS),Cash,0,,USD,1.16,-1,0,0.65,0.03,,115.32,06/11/2025
06/09/2025,Individual,YOU BOUGHT OPENING TRANSACTION PUT (AAPL) APPLE INC JUL 03 25 $175 (100 SHS) (Margin),-AAPL250703P175,PUT (AAPL) APPLE INC JUL 03 25 $175 (100 SHS),Margin,0,,USD,0.48,1,0,0.65,0.03,,-48.68,06/10/2025
06/09/2025,Individual,YOU SOLD OPENING TRANSACTION PUT (AAPL) APPLE INC JUL 03 25 $185 (100 SHS) (Margin),-AAPL250703P185,PUT (AAPL) APPLE INC JUL 03 25 $185 (100 SHS),Margin,0,,USD,1.25,-1,0,0.65,0.03,,124.32,06/10/2025
06/09/2025,Individual,YOU BOUGHT CLOSING TRANSACTION PUT (MU) MICRON TECHNOLOGY JUN 20 25 $82.5 (100 SHS) (Margin),-MU250620P82.5,PUT (MU) MICRON TECHNOLOGY JUN 20 25 $82.5 (100 SHS),Margin,0,,USD,0.06,1,0,,0.03,,-6.03,06/10/2025
06/09/2025,Individual,YOU SOLD CLOSING TRANSACTION PUT (MU) MICRON TECHNOLOGY JUN 20 25 $72.5 (100 SHS) (Margin),-MU250620P72.5,PUT (MU) MICRON TECHNOLOGY JUN 20 25 $72.5 (100 SHS),Margin,0,,USD,0.03,-1,0,0.15,0.03,,2.82,06/10/2025
06/05/2025,Individual,YOU SOLD OPENING TRANSACTION PUT (PLTR) PALANTIR JUL 11 25 $105 (100 SHS) (Margin),-PLTR250711P105,PUT (PLTR) PALANTIR JUL 11 25 $105 (100 SHS),Margin,0,,USD,3.01,-1,0,0.65,0.03,,300.32,06/06/2025
06/05/2025,Individual,YOU BOUGHT OPENING TRANSACTION PUT (HIMS) HIMS &HERS HEALTH JUL 03 25 $35 (100 SHS) (Margin),-HIMS250703P35,PUT (HIMS) HIMS &HERS HEALTH JUL 03 25 $35 (100 SHS),Margin,0,,USD,0.18,1,0,0.65,0.03,,-18.68,06/06/2025
06/05/2025,Individual,YOU SOLD OPENING TRANSACTION PUT (HIMS) HIMS &HERS HEALTH JUL 03 25 $44 (100 SHS) (Margin),-HIMS250703P44,PUT (HIMS) HIMS &HERS HEALTH JUL 03 25 $44 (100 SHS),Margin,0,,USD,1.52,-1,0,0.65,0.03,,151.32,06/06/2025
06/05/2025,Individual,YOU BOUGHT CLOSING TRANSACTION PUT (PLTR) PALANTIR JUN 27 25 $108 (100 SHS) (Margin),-PLTR250627P108,PUT (PLTR) PALANTIR JUN 27 25 $108 (100 SHS),Margin,0,,USD,2.42,1,0,0.65,0.03,,-242.68,06/06/2025
06/05/2025,Individual,YOU BOUGHT OPENING TRANSACTION PUT (PLTR) PALANTIR JUN 13 25 $95 (100 SHS) (Margin),-PLTR250613P95,PUT (PLTR) PALANTIR JUN 13 25 $95 (100 SHS),Margin,0,,USD,0.24,1,0,0.65,0.03,,-24.68,06/06/2025
06/05/2025,Individual,YOU SOLD OPENING TRANSACTION PUT (PLTR) PALANTIR JUN 13 25 $105 (100 SHS) (Margin),-PLTR250613P105,PUT (PLTR) PALANTIR JUN 13 25 $105 (100 SHS),Margin,0,,USD,0.72,-1,0,0.65,0.03,,71.32,06/06/2025
06/05/2025,Individual,YOU BOUGHT CLOSING TRANSACTION PUT (HIMS) HIMS &HERS HEALTH JUN 20 25 $45 (100 SHS) (Margin),-HIMS250620P45,PUT (HIMS) HIMS &HERS HEALTH JUN 20 25 $45 (100 SHS),Margin,0,,USD,0.75,1,0,0.65,0.03,,-75.68,06/06/2025
06/05/2025,Individual,YOU SOLD CLOSING TRANSACTION PUT (HIMS) HIMS &HERS HEALTH JUN 20 25 $35 (100 SHS) (Margin),-HIMS250620P35,PUT (HIMS) HIMS &HERS HEALTH JUN 20 25 $35 (100 SHS),Margin,0,,USD,0.1,-1,0,0.5,0.03,,9.47,06/06/2025
06/05/2025,Individual,YOU SOLD OPENING TRANSACTION PUT (PLTR) PALANTIR JUN 20 25 $105 (100 SHS) (Margin),-PLTR250620P105,PUT (PLTR) PALANTIR JUN 20 25 $105 (100 SHS),Margin,0,,USD,1.26,-1,0,0.65,0.03,,125.32,06/06/2025
06/05/2025,Individual,YOU BOUGHT OPENING TRANSACTION PUT (PLTR) PALANTIR JUN 20 25 $95 (100 SHS) (Margin),-PLTR250620P95,PUT (PLTR) PALANTIR JUN 20 25 $95 (100 SHS),Margin,0,,USD,0.48,1,0,0.65,0.03,,-48.68,06/06/2025
06/04/2025,Individual,YOU SOLD OPENING TRANSACTION CALL (SCHD) SCHWAB US DIVIDEND JUL 03 25 $27 (100 SHS) (Margin),-SCHD250703C27,CALL (SCHD) SCHWAB US DIVIDEND JUL 03 25 $27 (100 SHS),Margin,0,,USD,0.1,-1,0,0.5,0.03,,9.47,06/05/2025
06/04/2025,Individual,YOU SOLD OPENING TRANSACTION CALL (SCHD) SCHWAB US DIVIDEND JUL 03 25 $27 (100 SHS) (Margin),-SCHD250703C27,CALL (SCHD) SCHWAB US DIVIDEND JUL 03 25 $27 (100 SHS),Margin,0,,USD,0.1,-1,0,0.5,0.03,,9.47,06/05/2025
06/04/2025,Individual,YOU SOLD OPENING TRANSACTION CALL (SCHD) SCHWAB US DIVIDEND JUL 03 25 $27 (100 SHS) (Margin),-SCHD250703C27,CALL (SCHD) SCHWAB US DIVIDEND JUL 03 25 $27 (100 SHS),Margin,0,,USD,0.1,-1,0,0.5,0.03,,9.47,06/05/2025
06/04/2025,Individual,"YOU SOLD OPENING TRANSACTION PUT (MARA) MARA HOLDINGS, INC. JUL 03 25 $13.5 (100 SHS) (Margin)",-MARA250703P13.5,"PUT (MARA) MARA HOLDINGS, INC. JUL 03 25 $13.5 (100 SHS)",Margin,0,,USD,0.48,-1,0,0.65,0.03,,47.32,06/05/2025
06/04/2025,Individual,YOU BOUGHT CLOSING TRANSACTION CALL (SCHD) SCHWAB US DIVIDEND JUN 20 25 $26.5 (100 SHS) (Margin),-SCHD250620C26.5,CALL (SCHD) SCHWAB US DIVIDEND JUN 20 25 $26.5 (100 SHS),Margin,0,,USD,0.28,3,0,,0.09,,-84.09,06/05/2025
06/04/2025,Individual,YOU BOUGHT OPENING TRANSACTION PUT (PLTR) PALANTIR JUN 27 25 $101 (100 SHS) (Margin),-PLTR250627P101,PUT (PLTR) PALANTIR JUN 27 25 $101 (100 SHS),Margin,0,,USD,0.79,1,0,0.65,0.03,,-79.68,06/05/2025
06/04/2025,Individual,YOU SOLD OPENING TRANSACTION PUT (PLTR) PALANTIR JUN 27 25 $108 (100 SHS) (Margin),-PLTR250627P108,PUT (PLTR) PALANTIR JUN 27 25 $108 (100 SHS),Margin,0,,USD,1.4,-1,0,0.65,0.03,,139.32,06/05/2025
06/04/2025,Individual,YOU SOLD OPENING TRANSACTION PUT (PLTR) PALANTIR JUN 27 25 $111 (100 SHS) (Margin),-PLTR250627P111,PUT (PLTR) PALANTIR JUN 27 25 $111 (100 SHS),Margin,0,,USD,1.88,-1,0,0.65,0.03,,187.32,06/05/2025
06/04/2025,Individual,YOU BOUGHT OPENING TRANSACTION PUT (PLTR) PALANTIR JUN 13 25 $100 (100 SHS) (Margin),-PLTR250613P100,PUT (PLTR) PALANTIR JUN 13 25 $100 (100 SHS),Margin,0,,USD,0.21,1,0,0.65,0.03,,-21.68,06/05/2025
06/04/2025,Individual,YOU SOLD OPENING TRANSACTION PUT (PLTR) PALANTIR JUN 13 25 $110 (100 SHS) (Margin),-PLTR250613P110,PUT (PLTR) PALANTIR JUN 13 25 $110 (100 SHS),Margin,0,,USD,0.75,-1,0,0.65,0.03,,74.32,06/05/2025
06/03/2025,Individual,YOU SOLD OPENING TRANSACTION PUT (SOFI) SOFI TECHNOLOGIES JUL 03 25 $12 (100 SHS) (Margin),-SOFI250703P12,PUT (SOFI) SOFI TECHNOLOGIES JUL 03 25 $12 (100 SHS),Margin,0,,USD,0.21,-1,0,0.65,0.03,,20.32,06/04/2025
06/03/2025,Individual,YOU BOUGHT OPENING TRANSACTION PUT (HIMS) HIMS &HERS HEALTH JUN 27 25 $35 (100 SHS) (Margin),-HIMS250627P35,PUT (HIMS) HIMS &HERS HEALTH JUN 27 25 $35 (100 SHS),Margin,0,,USD,0.18,1,0,0.65,0.03,,-18.68,06/04/2025
06/03/2025,Individual,YOU SOLD OPENING TRANSACTION PUT (HIMS) HIMS &HERS HEALTH JUN 27 25 $44 (100 SHS) (Margin),-HIMS250627P44,PUT (HIMS) HIMS &HERS HEALTH JUN 27 25 $44 (100 SHS),Margin,0,,USD,1.28,-1,0,0.65,0.03,,127.32,06/04/2025
06/03/2025,Individual,YOU SOLD OPENING TRANSACTION PUT (HIMS) HIMS &HERS HEALTH JUN 20 25 $45 (100 SHS) (Margin),-HIMS250620P45,PUT (HIMS) HIMS &HERS HEALTH JUN 20 25 $45 (100 SHS),Margin,0,,USD,0.93,-1,0,0.65,0.03,,92.32,06/04/2025
06/03/2025,Individual,YOU BOUGHT OPENING TRANSACTION PUT (HIMS) HIMS &HERS HEALTH JUN 20 25 $35 (100 SHS) (Margin),-HIMS250620P35,PUT (HIMS) HIMS &HERS HEALTH JUN 20 25 $35 (100 SHS),Margin,0,,USD,0.08,1,0,0.4,0.03,,-8.43,06/04/2025
06/02/2025,Individual,"EXPIRED PUT (MARA) MARA HOLDINGS, INC. MAY 30 25 $11.5 as of May-30-2025 PUT (MARA) MARA HOLDINGS, INC. MAY 30 25 $11.5 (100 SHS) (Margin)",-MARA250530P11.5,"PUT (MARA) MARA HOLDINGS, INC. MAY 30 25 $11.5 (100 SHS)",Margin,0,,USD,,-1,0,,,,0,
06/02/2025,Individual,"EXPIRED PUT (MARA) MARA HOLDINGS, INC. MAY 30 25 $12.5 as of May-30-2025 PUT (MARA) MARA HOLDINGS, INC. MAY 30 25 $12.5 (100 SHS) (Margin)",-MARA250530P12.5,"PUT (MARA) MARA HOLDINGS, INC. MAY 30 25 $12.5 (100 SHS)",Margin,0,,USD,,1,0,,,,0,
06/02/2025,Individual,"YOU SOLD OPENING TRANSACTION PUT (MARA) MARA HOLDINGS, INC. JUL 11 25 $13.5 (100 SHS) (Margin)",-MARA250711P13.5,"PUT (MARA) MARA HOLDINGS, INC. JUL 11 25 $13.5 (100 SHS)",Margin,0,,USD,1.01,-1,0,0.65,0.03,,100.32,06/03/2025
06/02/2025,Individual,"YOU BOUGHT CLOSING TRANSACTION PUT (MARA) MARA HOLDINGS, INC. JUL 03 25 $13.5 (100 SHS) (Margin)",-MARA250703P13.5,"PUT (MARA) MARA HOLDINGS, INC. JUL 03 25 $13.5 (100 SHS)",Margin,0,,USD,0.84,1,0,0.65,0.03,,-84.68,06/03/2025
05/30/2025,Individual,YOU BOUGHT OPENING TRANSACTION PUT (NVDA) NVIDIA CORPORATION JUN 27 25 $108 (100 SHS) (Margin),-NVDA250627P108,PUT (NVDA) NVIDIA CORPORATION JUN 27 25 $108 (100 SHS),Margin,0,,USD,0.43,1,0,0.65,0.03,,-43.68,06/02/2025
05/30/2025,Individual,YOU BOUGHT OPENING TRANSACTION PUT (NVDA) NVIDIA CORPORATION JUN 27 25 $108 (100 SHS) (Margin),-NVDA250627P108,PUT (NVDA) NVIDIA CORPORATION JUN 27 25 $108 (100 SHS),Margin,0,,USD,0.5,1,0,0.65,0.03,,-50.68,06/02/2025
05/30/2025,Individual,YOU SOLD OPENING TRANSACTION PUT (NVDA) NVIDIA CORPORATION JUN 27 25 $118 (100 SHS) (Margin),-NVDA250627P118,PUT (NVDA) NVIDIA CORPORATION JUN 27 25 $118 (100 SHS),Margin,0,,USD,1.06,-1,0,0.65,0.03,,105.32,06/02/2025
05/30/2025,Individual,YOU SOLD OPENING TRANSACTION PUT (NVDA) NVIDIA CORPORATION JUN 27 25 $118 (100 SHS) (Margin),-NVDA250627P118,PUT (NVDA) NVIDIA CORPORATION JUN 27 25 $118 (100 SHS),Margin,0,,USD,1.22,-1,0,0.65,0.03,,121.32,06/02/2025
05/29/2025,Individual,"YOU SOLD OPENING TRANSACTION PUT (MARA) MARA HOLDINGS, INC. JUL 03 25 $13.5 (100 SHS) (Margin)",-MARA250703P13.5,"PUT (MARA) MARA HOLDINGS, INC. JUL 03 25 $13.5 (100 SHS)",Margin,0,,USD,0.82,-1,0,0.65,0.03,,81.32,05/30/2025
05/29/2025,Individual,YOU SOLD OPENING TRANSACTION PUT (SCHD) SCHWAB US DIVIDEND JUN 20 25 $25.5 (100 SHS) (Margin),-SCHD250620P25.5,PUT (SCHD) SCHWAB US DIVIDEND JUN 20 25 $25.5 (100 SHS),Margin,0,,USD,0.2,-1,0,0.65,0.03,,19.32,05/30/2025
05/29/2025,Individual,YOU BOUGHT OPENING TRANSACTION PUT (PLTR) PALANTIR JUN 13 25 $98 (100 SHS) (Margin),-PLTR250613P98,PUT (PLTR) PALANTIR JUN 13 25 $98 (100 SHS),Margin,0,,USD,0.34,1,0,0.65,0.03,,-34.68,05/30/2025
05/29/2025,Individual,"YOU BOUGHT CLOSING TRANSACTION PUT (MARA) MARA HOLDINGS, INC. JUN 27 25 $13.5 (100 SHS) (Margin)",-MARA250627P13.5,"PUT (MARA) MARA HOLDINGS, INC. JUN 27 25 $13.5 (100 SHS)",Margin,0,,USD,0.68,1,0,0.65,0.03,,-68.68,05/30/2025
05/29/2025,Individual,YOU SOLD OPENING TRANSACTION PUT (PLTR) PALANTIR JUN 13 25 $108 (100 SHS) (Margin),-PLTR250613P108,PUT (PLTR) PALANTIR JUN 13 25 $108 (100 SHS),Margin,0,,USD,1.09,-1,0,0.65,0.03,,108.32,05/30/2025
05/29/2025,Individual,YOU SOLD OPENING TRANSACTION PUT (HIMS) HIMS &HERS HEALTH JUN 20 25 $41 (100 SHS) (Margin),-HIMS250620P41,PUT (HIMS) HIMS &HERS HEALTH JUN 20 25 $41 (100 SHS),Margin,0,,USD,0.76,-1,0,0.65,0.03,,75.32,05/30/2025
05/29/2025,Individual,YOU BOUGHT CLOSING TRANSACTION PUT (HIMS) HIMS &HERS HEALTH JUN 06 25 $41 (100 SHS) (Margin),-HIMS250606P41,PUT (HIMS) HIMS &HERS HEALTH JUN 06 25 $41 (100 SHS),Margin,0,,USD,0.18,1,0,,0.03,,-18.03,05/30/2025
05/29/2025,Individual,YOU SOLD CLOSING TRANSACTION PUT (HIMS) HIMS &HERS HEALTH JUN 06 25 $31 (100 SHS) (Margin),-HIMS250606P31,PUT (HIMS) HIMS &HERS HEALTH JUN 06 25 $31 (100 SHS),Margin,0,,USD,0.04,-1,0,0.2,0.03,,3.77,05/30/2025
05/29/2025,Individual,YOU BOUGHT OPENING TRANSACTION PUT (HIMS) HIMS &HERS HEALTH JUN 20 25 $31 (100 SHS) (Margin),-HIMS250620P31,PUT (HIMS) HIMS &HERS HEALTH JUN 20 25 $31 (100 SHS),Margin,0,,USD,0.17,1,0,0.65,0.03,,-17.68,05/30/2025
05/29/2025,ROTH IRA,"YOU SOLD OPENING TRANSACTION PUT (MARA) MARA HOLDINGS, INC. JUN 27 25 $14 (100 SHS) (Cash)",-MARA250627P14,"PUT (MARA) MARA HOLDINGS, INC. JUN 27 25 $14 (100 SHS)",Cash,0,,USD,0.86,-1,0,0.65,0.03,,85.32,05/30/2025
05/29/2025,ROTH IRA,"YOU BOUGHT CLOSING TRANSACTION PUT (MARA) MARA HOLDINGS, INC. JUN 20 25 $14 (100 SHS) (Cash)",-MARA250620P14,"PUT (MARA) MARA HOLDINGS, INC. JUN 20 25 $14 (100 SHS)",Cash,0,,USD,0.69,1,0,0.65,0.03,,-69.68,05/30/2025
05/28/2025,Individual,YOU BOUGHT OPENING TRANSACTION PUT (HIMS) HIMS &HERS HEALTH JUL 03 25 $30 (100 SHS) (Margin),-HIMS250703P30,PUT (HIMS) HIMS &HERS HEALTH JUL 03 25 $30 (100 SHS),Margin,0,,USD,0.14,1,0,0.65,0.03,,-14.68,05/29/2025
05/28/2025,Individual,YOU SOLD OPENING TRANSACTION PUT (HIMS) HIMS &HERS HEALTH JUL 03 25 $40 (100 SHS) (Margin),-HIMS250703P40,PUT (HIMS) HIMS &HERS HEALTH JUL 03 25 $40 (100 SHS),Margin,0,,USD,1.45,-1,0,0.65,0.03,,144.32,05/29/2025
05/28/2025,Individual,"YOU SOLD OPENING TRANSACTION PUT (MARA) MARA HOLDINGS, INC. JUN 27 25 $13.5 (100 SHS) (Margin)",-MARA250627P13.5,"PUT (MARA) MARA HOLDINGS, INC. JUN 27 25 $13.5 (100 SHS)",Margin,0,,USD,0.56,-1,0,0.65,0.03,,55.32,05/29/2025
05/28/2025,Individual,"YOU SOLD OPENING TRANSACTION PUT (MARA) MARA HOLDINGS, INC. JUN 27 25 $14 (100 SHS) (Margin)",-MARA250627P14,"PUT (MARA) MARA HOLDINGS, INC. JUN 27 25 $14 (100 SHS)",Margin,0,,USD,0.74,-1,0,0.65,0.03,,73.32,05/29/2025
05/28/2025,Individual,YOU BOUGHT CLOSING TRANSACTION PUT (HIMS) HIMS &HERS HEALTH JUN 20 25 $41 (100 SHS) (Margin),-HIMS250620P41,PUT (HIMS) HIMS &HERS HEALTH JUN 20 25 $41 (100 SHS),Margin,0,,USD,1.02,1,0,0.65,0.03,,-102.68,05/29/2025
05/28/2025,Individual,YOU SOLD CLOSING TRANSACTION PUT (HIMS) HIMS &HERS HEALTH JUN 20 25 $31 (100 SHS) (Margin),-HIMS250620P31,PUT (HIMS) HIMS &HERS HEALTH JUN 20 25 $31 (100 SHS),Margin,0,,USD,0.18,-1,0,0.65,0.03,,17.32,05/29/2025
05/27/2025,Individual,EXPIRED PUT (NVDA) NVIDIA CORPORATION MAY 23 25 $128 as of May-23-2025 PUT (NVDA) NVIDIA CORPORATION MAY 23 25 $128 (100 SHS) (Margin),-NVDA250523P128,PUT (NVDA) NVIDIA CORPORATION MAY 23 25 $128 (100 SHS),Margin,0,,USD,,1,0,,,,0,
05/27/2025,Individual,EXPIRED CALL (SCHD) SCHWAB US DIVIDEND MAY 23 25 $27 as of May-23-2025 CALL (SCHD) SCHWAB US DIVIDEND MAY 23 25 $27 (100 SHS) (Margin),-SCHD250523C27,CALL (SCHD) SCHWAB US DIVIDEND MAY 23 25 $27 (100 SHS),Margin,0,,USD,,4,0,,,,0,
05/27/2025,Individual,EXPIRED PUT (NVDA) NVIDIA CORPORATION MAY 23 25 $125 as of May-23-2025 PUT (NVDA) NVIDIA CORPORATION MAY 23 25 $125 (100 SHS) (Margin),-NVDA250523P125,PUT (NVDA) NVIDIA CORPORATION MAY 23 25 $125 (100 SHS),Margin,0,,USD,,1,0,,,,0,
05/27/2025,Individual,EXPIRED PUT (NVDA) NVIDIA CORPORATION MAY 23 25 $123 as of May-23-2025 PUT (NVDA) NVIDIA CORPORATION MAY 23 25 $123 (100 SHS) (Margin),-NVDA250523P123,PUT (NVDA) NVIDIA CORPORATION MAY 23 25 $123 (100 SHS),Margin,0,,USD,,1,0,,,,0,
05/27/2025,Individual,EXPIRED PUT (NVDA) NVIDIA CORPORATION MAY 23 25 $118 as of May-23-2025 PUT (NVDA) NVIDIA CORPORATION MAY 23 25 $118 (100 SHS) (Margin),-NVDA250523P118,PUT (NVDA) NVIDIA CORPORATION MAY 23 25 $118 (100 SHS),Margin,0,,USD,,-1,0,,,,0,
05/27/2025,Individual,EXPIRED PUT (NVDA) NVIDIA CORPORATION MAY 23 25 $113 as of May-23-2025 PUT (NVDA) NVIDIA CORPORATION MAY 23 25 $113 (100 SHS) (Margin),-NVDA250523P113,PUT (NVDA) NVIDIA CORPORATION MAY 23 25 $113 (100 SHS),Margin,0,,USD,,-1,0,,,,0,
05/27/2025,Individual,EXPIRED PUT (NVDA) NVIDIA CORPORATION MAY 23 25 $115 as of May-23-2025 PUT (NVDA) NVIDIA CORPORATION MAY 23 25 $115 (100 SHS) (Margin),-NVDA250523P115,PUT (NVDA) NVIDIA CORPORATION MAY 23 25 $115 (100 SHS),Margin,0,,USD,,-1,0,,,,0,
05/27/2025,Individual,YOU SOLD OPENING TRANSACTION CALL (SCHD) SCHWAB US DIVIDEND JUN 20 25 $26.5 (100 SHS) (Margin),-SCHD250620C26.5,CALL (SCHD) SCHWAB US DIVIDEND JUN 20 25 $26.5 (100 SHS),Margin,0,,USD,0.25,-3,0,1.95,0.09,,72.96,05/28/2025
05/27/2025,Individual,YOU BOUGHT OPENING TRANSACTION PUT (HIMS) HIMS &HERS HEALTH JUN 27 25 $30 (100 SHS) (Margin),-HIMS250627P30,PUT (HIMS) HIMS &HERS HEALTH JUN 27 25 $30 (100 SHS),Margin,0,,USD,0.19,1,0,0.65,0.03,,-19.68,05/28/2025
05/27/2025,Individual,YOU SOLD OPENING TRANSACTION PUT (HIMS) HIMS &HERS HEALTH JUN 27 25 $40 (100 SHS) (Margin),-HIMS250627P40,PUT (HIMS) HIMS &HERS HEALTH JUN 27 25 $40 (100 SHS),Margin,0,,USD,1.14,-1,0,0.65,0.03,,113.32,05/28/2025
05/27/2025,Individual,YOU SOLD OPENING TRANSACTION PUT (HIMS) HIMS &HERS HEALTH JUN 20 25 $41 (100 SHS) (Margin),-HIMS250620P41,PUT (HIMS) HIMS &HERS HEALTH JUN 20 25 $41 (100 SHS),Margin,0,,USD,1.03,-1,0,0.65,0.03,,102.32,05/28/2025
05/27/2025,Individual,YOU BOUGHT OPENING TRANSACTION PUT (HIMS) HIMS &HERS HEALTH JUN 20 25 $31 (100 SHS) (Margin),-HIMS250620P31,PUT (HIMS) HIMS &HERS HEALTH JUN 20 25 $31 (100 SHS),Margin,0,,USD,0.18,1,0,0.65,0.03,,-18.68,05/28/2025
05/27/2025,Individual,YOU BOUGHT CLOSING TRANSACTION PUT (MU) MICRON TECHNOLOGY MAY 30 25 $64 (100 SHS) (Margin),-MU250530P64,PUT (MU) MICRON TECHNOLOGY MAY 30 25 $64 (100 SHS),Margin,0,,USD,0.01,1,0,,0.03,,-1.03,05/28/2025
05/27/2025,Individual,YOU SOLD CLOSING TRANSACTION PUT (MU) MICRON TECHNOLOGY MAY 30 25 $55 (100 SHS) (Margin),-MU250530P55,PUT (MU) MICRON TECHNOLOGY MAY 30 25 $55 (100 SHS),Margin,0,,USD,0.01,-1,0,0.05,0.03,,0.92,05/28/2025
05/27/2025,Individual,YOU SOLD CLOSING TRANSACTION PUT (MU) MICRON TECHNOLOGY MAY 30 25 $58 (100 SHS) (Margin),-MU250530P58,PUT (MU) MICRON TECHNOLOGY MAY 30 25 $58 (100 SHS),Margin,0,,USD,0.01,-1,0,0.05,0.03,,0.92,05/28/2025
05/27/2025,Individual,YOU BOUGHT CLOSING TRANSACTION PUT (MU) MICRON TECHNOLOGY MAY 30 25 $68 (100 SHS) (Margin),-MU250530P68,PUT (MU) MICRON TECHNOLOGY MAY 30 25 $68 (100 SHS),Margin,0,,USD,0.03,1,0,,0.03,,-3.03,05/28/2025
05/27/2025,ROTH IRA,YOU SOLD OPENING TRANSACTION CALL (SCHD) SCHWAB US DIVIDEND JUN 20 25 $26.5 (100 SHS) (Cash),-SCHD250620C26.5,CALL (SCHD) SCHWAB US DIVIDEND JUN 20 25 $26.5 (100 SHS),Cash,0,,USD,0.25,-1,0,0.65,0.03,,24.32,05/28/2025
05/23/2025,Individual,YOU SOLD OPENING TRANSACTION PUT (SOFI) SOFI TECHNOLOGIES JUN 27 25 $13 (100 SHS) (Margin),-SOFI250627P13,PUT (SOFI) SOFI TECHNOLOGIES JUN 27 25 $13 (100 SHS),Margin,0,,USD,0.86,-1,0,0.65,0.03,,85.32,05/27/2025
05/23/2025,Individual,"YOU SOLD OPENING TRANSACTION PUT (MARA) MARA HOLDINGS, INC. JUN 27 25 $14 (100 SHS) (Margin)",-MARA250627P14,"PUT (MARA) MARA HOLDINGS, INC. JUN 27 25 $14 (100 SHS)",Margin,0,,USD,1.05,-1,0,0.65,0.03,,104.32,05/27/2025
05/23/2025,Individual,"YOU SOLD OPENING TRANSACTION PUT (MARA) MARA HOLDINGS, INC. JUN 27 25 $14 (100 SHS) (Margin)",-MARA250627P14,"PUT (MARA) MARA HOLDINGS, INC. JUN 27 25 $14 (100 SHS)",Margin,0,,USD,1.1,-2,0,1.3,0.06,,218.64,05/27/2025
05/23/2025,Individual,"YOU BOUGHT CLOSING TRANSACTION PUT (MARA) MARA HOLDINGS, INC. JUN 13 25 $14 (100 SHS) (Margin)",-MARA250613P14,"PUT (MARA) MARA HOLDINGS, INC. JUN 13 25 $14 (100 SHS)",Margin,0,,USD,0.77,2,0,1.3,0.06,,-155.36,05/27/2025
05/23/2025,Individual,YOU BOUGHT CLOSING TRANSACTION PUT (SCHD) SCHWAB US DIVIDEND JUN 06 25 $26 (100 SHS) (Margin),-SCHD250606P26,PUT (SCHD) SCHWAB US DIVIDEND JUN 06 25 $26 (100 SHS),Margin,0,,USD,0.35,1,0,,0.03,,-35.03,05/27/2025
05/23/2025,Individual,YOU SOLD OPENING TRANSACTION PUT (SCHD) SCHWAB US DIVIDEND JUN 20 25 $26 (100 SHS) (Margin),-SCHD250620P26,PUT (SCHD) SCHWAB US DIVIDEND JUN 20 25 $26 (100 SHS),Margin,0,,USD,0.55,-1,0,0.65,0.03,,54.32,05/27/2025
05/23/2025,Individual,YOU BOUGHT CLOSING TRANSACTION PUT (SOFI) SOFI TECHNOLOGIES JUN 20 25 $13 (100 SHS) (Margin),-SOFI250620P13,PUT (SOFI) SOFI TECHNOLOGIES JUN 20 25 $13 (100 SHS),Margin,0,,USD,0.75,1,0,0.65,0.03,,-75.68,05/27/2025
05/23/2025,Individual,"YOU BOUGHT CLOSING TRANSACTION PUT (MARA) MARA HOLDINGS, INC. JUN 20 25 $14 (100 SHS) (Margin)",-MARA250620P14,"PUT (MARA) MARA HOLDINGS, INC. JUN 20 25 $14 (100 SHS)",Margin,0,,USD,0.87,1,0,0.65,0.03,,-87.68,05/27/2025
05/22/2025,Individual,"YOU SOLD OPENING TRANSACTION PUT (MARA) MARA HOLDINGS, INC. JUN 13 25 $14 (100 SHS) (Margin)",-MARA250613P14,"PUT (MARA) MARA HOLDINGS, INC. JUN 13 25 $14 (100 SHS)",Margin,0,,USD,0.46,-1,0,0.65,0.03,,45.32,05/23/2025
05/22/2025,Individual,YOU BOUGHT OPENING TRANSACTION PUT (HIMS) HIMS &HERS HEALTH JUN 13 25 $33 (100 SHS) (Margin),-HIMS250613P33,PUT (HIMS) HIMS &HERS HEALTH JUN 13 25 $33 (100 SHS),Margin,0,,USD,0.17,1,0,0.65,0.03,,-17.68,05/23/2025
05/22/2025,Individual,YOU SOLD OPENING TRANSACTION PUT (HIMS) HIMS &HERS HEALTH JUN 13 25 $43 (100 SHS) (Margin),-HIMS250613P43,PUT (HIMS) HIMS &HERS HEALTH JUN 13 25 $43 (100 SHS),Margin,0,,USD,1.14,-1,0,0.65,0.03,,113.32,05/23/2025
05/22/2025,Individual,YOU SOLD OPENING TRANSACTION PUT (HIMS) HIMS &HERS HEALTH JUN 06 25 $41 (100 SHS) (Margin),-HIMS250606P41,PUT (HIMS) HIMS &HERS HEALTH JUN 06 25 $41 (100 SHS),Margin,0,,USD,0.76,-1,0,0.65,0.03,,75.32,05/23/2025
05/22/2025,Individual,YOU BOUGHT OPENING TRANSACTION PUT (HIMS) HIMS &HERS HEALTH JUN 06 25 $31 (100 SHS) (Margin),-HIMS250606P31,PUT (HIMS) HIMS &HERS HEALTH JUN 06 25 $31 (100 SHS),Margin,0,,USD,0.07,1,0,0.35,0.03,,-7.38,05/23/2025
05/21/2025,Individual,"YOU BOUGHT CLOSING TRANSACTION PUT (MARA) MARA HOLDINGS, INC. MAY 30 25 $14 (100 SHS) (Margin)",-MARA250530P14,"PUT (MARA) MARA HOLDINGS, INC. MAY 30 25 $14 (100 SHS)",Margin,0,,USD,0.14,1,0,,0.03,,-14.03,05/22/2025
05/21/2025,Individual,"YOU SOLD OPENING TRANSACTION PUT (MARA) MARA HOLDINGS, INC. JUN 20 25 $14 (100 SHS) (Margin)",-MARA250620P14,"PUT (MARA) MARA HOLDINGS, INC. JUN 20 25 $14 (100 SHS)",Margin,0,,USD,0.57,-1,0,0.65,0.03,,56.32,05/22/2025
05/20/2025,Individual,"YOU SOLD OPENING TRANSACTION PUT (MARA) MARA HOLDINGS, INC. JUN 13 25 $14 (100 SHS) (Margin)",-MARA250613P14,"PUT (MARA) MARA HOLDINGS, INC. JUN 13 25 $14 (100 SHS)",Margin,0,,USD,0.39,-1,0,0.65,0.03,,38.32,05/21/2025
05/20/2025,ROTH IRA,"YOU SOLD OPENING TRANSACTION PUT (MARA) MARA HOLDINGS, INC. JUN 20 25 $14 (100 SHS) (Cash)",-MARA250620P14,"PUT (MARA) MARA HOLDINGS, INC. JUN 20 25 $14 (100 SHS)",Cash,0,,USD,0.53,-1,0,0.65,0.03,,52.32,05/21/2025
05/19/2025,Individual,EXPIRED PUT (CLS) CELESTICA INC COM MAY 16 25 $74 as of May-16-2025 PUT (CLS) CELESTICA INC COM MAY 16 25 $74 (100 SHS) (Margin),-CLS250516P74,PUT (CLS) CELESTICA INC COM MAY 16 25 $74 (100 SHS),Margin,0,,USD,,1,0,,,,0,
05/19/2025,Individual,EXPIRED PUT (CLS) CELESTICA INC COM MAY 16 25 $65 as of May-16-2025 PUT (CLS) CELESTICA INC COM MAY 16 25 $65 (100 SHS) (Margin),-CLS250516P65,PUT (CLS) CELESTICA INC COM MAY 16 25 $65 (100 SHS),Margin,0,,USD,,-1,0,,,,0,
05/19/2025,Individual,"EXPIRED PUT (MARA) MARA HOLDINGS, INC. MAY 16 25 $15 as of May-16-2025 PUT (MARA) MARA HOLDINGS, INC. MAY 16 25 $15 (100 SHS) (Margin)",-MARA250516P15,"PUT (MARA) MARA HOLDINGS, INC. MAY 16 25 $15 (100 SHS)",Margin,0,,USD,,1,0,,,,0,
05/19/2025,Individual,YOU SOLD OPENING TRANSACTION PUT (NVDA) NVIDIA CORPORATION MAY 23 25 $128 (100 SHS) (Margin),-NVDA250523P128,PUT (NVDA) NVIDIA CORPORATION MAY 23 25 $128 (100 SHS),Margin,0,,USD,0.59,-1,0,0.65,0.03,,58.32,05/20/2025
05/19/2025,Individual,YOU BOUGHT OPENING TRANSACTION PUT (PLTR) PALANTIR JUN 13 25 $97 (100 SHS) (Margin),-PLTR250613P97,PUT (PLTR) PALANTIR JUN 13 25 $97 (100 SHS),Margin,0,,USD,0.71,1,0,0.65,0.03,,-71.68,05/20/2025
05/19/2025,Individual,YOU SOLD OPENING TRANSACTION PUT (PLTR) PALANTIR JUN 13 25 $107 (100 SHS) (Margin),-PLTR250613P107,PUT (PLTR) PALANTIR JUN 13 25 $107 (100 SHS),Margin,0,,USD,1.55,-1,0,0.65,0.03,,154.32,05/20/2025
05/19/2025,Individual,YOU SOLD CLOSING TRANSACTION PUT (PLTR) PALANTIR JUN 06 25 $75 (100 SHS) (Margin),-PLTR250606P75,PUT (PLTR) PALANTIR JUN 06 25 $75 (100 SHS),Margin,0,,USD,0.05,-1,0,0.25,0.03,,4.72,05/20/2025
05/19/2025,Individual,YOU BOUGHT CLOSING TRANSACTION PUT (PLTR) PALANTIR JUN 06 25 $85 (100 SHS) (Margin),-PLTR250606P85,PUT (PLTR) PALANTIR JUN 06 25 $85 (100 SHS),Margin,0,,USD,0.14,1,0,,0.03,,-14.03,05/20/2025
05/19/2025,Individual,YOU BOUGHT CLOSING TRANSACTION PUT (SOFI) SOFI TECHNOLOGIES JUN 06 25 $13 (100 SHS) (Margin),-SOFI250606P13,PUT (SOFI) SOFI TECHNOLOGIES JUN 06 25 $13 (100 SHS),Margin,0,,USD,0.33,1,0,,0.03,,-33.03,05/20/2025
05/19/2025,Individual,YOU SOLD CLOSING TRANSACTION PUT (MU) MICRON TECHNOLOGY JUN 06 25 $72 (100 SHS) (Margin),-MU250606P72,PUT (MU) MICRON TECHNOLOGY JUN 06 25 $72 (100 SHS),Margin,0,,USD,0.13,-1,0,0.65,0.03,,12.32,05/20/2025
05/19/2025,Individual,YOU BOUGHT CLOSING TRANSACTION PUT (MU) MICRON TECHNOLOGY JUN 06 25 $82 (100 SHS) (Margin),-MU250606P82,PUT (MU) MICRON TECHNOLOGY JUN 06 25 $82 (100 SHS),Margin,0,,USD,0.38,1,0,,0.03,,-38.03,05/20/2025
05/19/2025,Individual,YOU SOLD CLOSING TRANSACTION PUT (PLTR) PALANTIR MAY 30 25 $78 (100 SHS) (Margin),-PLTR250530P78,PUT (PLTR) PALANTIR MAY 30 25 $78 (100 SHS),Margin,0,,USD,0.03,-1,0,0.15,0.03,,2.82,05/20/2025
05/19/2025,Individual,YOU BOUGHT CLOSING TRANSACTION PUT (PLTR) PALANTIR MAY 30 25 $88 (100 SHS) (Margin),-PLTR250530P88,PUT (PLTR) PALANTIR MAY 30 25 $88 (100 SHS),Margin,0,,USD,0.09,1,0,,0.03,,-9.03,05/20/2025
05/19/2025,Individual,YOU BOUGHT OPENING TRANSACTION PUT (NVDA) NVIDIA CORPORATION MAY 23 25 $118 (100 SHS) (Margin),-NVDA250523P118,PUT (NVDA) NVIDIA CORPORATION MAY 23 25 $118 (100 SHS),Margin,0,,USD,0.09,1,0,0.45,0.03,,-9.48,05/20/2025
05/19/2025,Individual,YOU SOLD OPENING TRANSACTION PUT (PLTR) PALANTIR JUN 20 25 $105 (100 SHS) (Margin),-PLTR250620P105,PUT (PLTR) PALANTIR JUN 20 25 $105 (100 SHS),Margin,0,,USD,1.59,-1,0,0.65,0.03,,158.32,05/20/2025
05/19/2025,Individual,YOU BOUGHT OPENING TRANSACTION PUT (PLTR) PALANTIR JUN 20 25 $95 (100 SHS) (Margin),-PLTR250620P95,PUT (PLTR) PALANTIR JUN 20 25 $95 (100 SHS),Margin,0,,USD,0.71,1,0,0.65,0.03,,-71.68,05/20/2025
05/19/2025,Individual,YOU SOLD OPENING TRANSACTION PUT (SOFI) SOFI TECHNOLOGIES JUN 20 25 $13 (100 SHS) (Margin),-SOFI250620P13,PUT (SOFI) SOFI TECHNOLOGIES JUN 20 25 $13 (100 SHS),Margin,0,,USD,0.52,-1,0,0.65,0.03,,51.32,05/20/2025
05/19/2025,Individual,YOU SOLD OPENING TRANSACTION PUT (MU) MICRON TECHNOLOGY JUN 20 25 $82.5 (100 SHS) (Margin),-MU250620P82.5,PUT (MU) MICRON TECHNOLOGY JUN 20 25 $82.5 (100 SHS),Margin,0,,USD,0.9,-1,0,0.65,0.03,,89.32,05/20/2025
05/19/2025,Individual,YOU BOUGHT OPENING TRANSACTION PUT (MU) MICRON TECHNOLOGY JUN 20 25 $72.5 (100 SHS) (Margin),-MU250620P72.5,PUT (MU) MICRON TECHNOLOGY JUN 20 25 $72.5 (100 SHS),Margin,0,,USD,0.25,1,0,0.65,0.03,,-25.68,05/20/2025
05/19/2025,ROTH IRA,EXPIRED PUT (SOFI) SOFI TECHNOLOGIES MAY 16 25 $12 as of May-16-2025 PUT (SOFI) SOFI TECHNOLOGIES MAY 16 25 $12 (100 SHS) (Cash),-SOFI250516P12,PUT (SOFI) SOFI TECHNOLOGIES MAY 16 25 $12 (100 SHS),Cash,0,,USD,,1,0,,,,0,
05/16/2025,Individual,YOU SOLD OPENING TRANSACTION CALL (SCHD) SCHWAB US DIVIDEND MAY 23 25 $27 (100 SHS) (Margin),-SCHD250523C27,CALL (SCHD) SCHWAB US DIVIDEND MAY 23 25 $27 (100 SHS),Margin,0,,USD,0.05,-4,0,1,0.12,,18.88,05/19/2025
05/16/2025,Individual,YOU SOLD OPENING TRANSACTION PUT (NVDA) NVIDIA CORPORATION MAY 23 25 $125 (100 SHS) (Margin),-NVDA250523P125,PUT (NVDA) NVIDIA CORPORATION MAY 23 25 $125 (100 SHS),Margin,0,,USD,0.48,-1,0,0.65,0.03,,47.32,05/19/2025
05/16/2025,Individual,YOU BOUGHT OPENING TRANSACTION PUT (NVDA) NVIDIA CORPORATION MAY 23 25 $115 (100 SHS) (Margin),-NVDA250523P115,PUT (NVDA) NVIDIA CORPORATION MAY 23 25 $115 (100 SHS),Margin,0,,USD,0.14,1,0,0.65,0.03,,-14.68,05/19/2025
05/16/2025,Individual,"YOU BOUGHT CLOSING TRANSACTION PUT (MARA) MARA HOLDINGS, INC. MAY 23 25 $12 (100 SHS) (Margin)",-MARA250523P12,"PUT (MARA) MARA HOLDINGS, INC. MAY 23 25 $12 (100 SHS)",Margin,0,,USD,0.03,1,0,,0.03,,-3.03,05/19/2025
05/14/2025,Individual,YOU SOLD OPENING TRANSACTION PUT (SOFI) SOFI TECHNOLOGIES JUN 06 25 $13 (100 SHS) (Margin),-SOFI250606P13,PUT (SOFI) SOFI TECHNOLOGIES JUN 06 25 $13 (100 SHS),Margin,0,,USD,0.33,-1,0,0.65,0.03,,32.32,05/15/2025
05/14/2025,Individual,YOU SOLD OPENING TRANSACTION PUT (SCHD) SCHWAB US DIVIDEND JUN 06 25 $26 (100 SHS) (Margin),-SCHD250606P26,PUT (SCHD) SCHWAB US DIVIDEND JUN 06 25 $26 (100 SHS),Margin,0,,USD,0.33,-1,0,0.65,0.03,,32.32,05/15/2025
05/14/2025,Individual,YOU BOUGHT CLOSING TRANSACTION PUT (SCHD) SCHWAB US DIVIDEND MAY 23 25 $26 (100 SHS) (Margin),-SCHD250523P26,PUT (SCHD) SCHWAB US DIVIDEND MAY 23 25 $26 (100 SHS),Margin,0,,USD,0.15,1,0,,0.03,,-15.03,05/15/2025
05/14/2025,Individual,"YOU SOLD OPENING TRANSACTION PUT (MARA) MARA HOLDINGS, INC. MAY 30 25 $14 (100 SHS) (Margin)",-MARA250530P14,"PUT (MARA) MARA HOLDINGS, INC. MAY 30 25 $14 (100 SHS)",Margin,0,,USD,0.3,-1,0,0.65,0.03,,29.32,05/15/2025
05/14/2025,Individual,YOU SOLD OPENING TRANSACTION CALL (PLTR) PALANTIR FEB 20 26 $130 (100 SHS) (Margin),-PLTR260220C130,CALL (PLTR) PALANTIR FEB 20 26 $130 (100 SHS),Margin,0,,USD,31.6,-1,0,0.65,0.03,,3159.32,05/15/2025
05/14/2025,Individual,YOU BOUGHT CLOSING TRANSACTION PUT (SOFI) SOFI TECHNOLOGIES MAY 16 25 $13 (100 SHS) (Margin),-SOFI250516P13,PUT (SOFI) SOFI TECHNOLOGIES MAY 16 25 $13 (100 SHS),Margin,0,,USD,0.04,1,0,,0.03,,-4.03,05/15/2025
05/14/2025,Individual,YOU BOUGHT CLOSING TRANSACTION CALL (PLTR) PALANTIR JAN 16 26 $125 (100 SHS) (Margin),-PLTR260116C125,CALL (PLTR) PALANTIR JAN 16 26 $125 (100 SHS),Margin,0,,USD,31.14,1,0,0.65,0.03,,-3114.68,05/15/2025
05/13/2025,Individual,YOU SOLD OPENING TRANSACTION PUT (SCHD) SCHWAB US DIVIDEND MAY 23 25 $26 (100 SHS) (Margin),-SCHD250523P26,PUT (SCHD) SCHWAB US DIVIDEND MAY 23 25 $26 (100 SHS),Margin,0,,USD,0.1,-1,0,0.5,0.03,,9.47,05/14/2025
05/13/2025,Individual,YOU BOUGHT OPENING TRANSACTION PUT (MU) MICRON TECHNOLOGY JUN 06 25 $72 (100 SHS) (Margin),-MU250606P72,PUT (MU) MICRON TECHNOLOGY JUN 06 25 $72 (100 SHS),Margin,0,,USD,0.15,1,0,0.65,0.03,,-15.68,05/14/2025
05/13/2025,Individual,YOU SOLD OPENING TRANSACTION PUT (MU) MICRON TECHNOLOGY JUN 06 25 $82 (100 SHS) (Margin),-MU250606P82,PUT (MU) MICRON TECHNOLOGY JUN 06 25 $82 (100 SHS),Margin,0,,USD,0.67,-1,0,0.65,0.03,,66.32,05/14/2025
05/13/2025,Individual,YOU SOLD CLOSING TRANSACTION PUT (NVDA) NVIDIA CORPORATION MAY 23 25 $73 (100 SHS) (Margin),-NVDA250523P73,PUT (NVDA) NVIDIA CORPORATION MAY 23 25 $73 (100 SHS),Margin,0,,USD,0.01,-2,0,0.1,0.06,,1.84,05/14/2025
05/13/2025,Individual,YOU SOLD CLOSING TRANSACTION PUT (NVDA) NVIDIA CORPORATION MAY 23 25 $82 (100 SHS) (Margin),-NVDA250523P82,PUT (NVDA) NVIDIA CORPORATION MAY 23 25 $82 (100 SHS),Margin,0,,USD,0.01,-1,0,0.05,0.03,,0.92,05/14/2025
05/13/2025,Individual,YOU BOUGHT CLOSING TRANSACTION PUT (NVDA) NVIDIA CORPORATION MAY 23 25 $83 (100 SHS) (Margin),-NVDA250523P83,PUT (NVDA) NVIDIA CORPORATION MAY 23 25 $83 (100 SHS),Margin,0,,USD,0.03,2,0,,0.06,,-6.06,05/14/2025
05/13/2025,Individual,YOU BOUGHT CLOSING TRANSACTION PUT (NVDA) NVIDIA CORPORATION MAY 23 25 $92 (100 SHS) (Margin),-NVDA250523P92,PUT (NVDA) NVIDIA CORPORATION MAY 23 25 $92 (100 SHS),Margin,0,,USD,0.03,1,0,,0.03,,-3.03,05/14/2025
05/13/2025,Individual,YOU BOUGHT CLOSING TRANSACTION PUT (MU) MICRON TECHNOLOGY MAY 23 25 $65 (100 SHS) (Margin),-MU250523P65,PUT (MU) MICRON TECHNOLOGY MAY 23 25 $65 (100 SHS),Margin,0,,USD,0.05,1,0,,0.03,,-5.03,05/14/2025
05/13/2025,Individual,YOU SOLD CLOSING TRANSACTION PUT (MU) MICRON TECHNOLOGY MAY 23 25 $55 (100 SHS) (Margin),-MU250523P55,PUT (MU) MICRON TECHNOLOGY MAY 23 25 $55 (100 SHS),Margin,0,,USD,0.02,-1,0,0.1,0.03,,1.87,05/14/2025
05/13/2025,Individual,YOU SOLD OPENING TRANSACTION PUT (NVDA) NVIDIA CORPORATION MAY 23 25 $123 (100 SHS) (Margin),-NVDA250523P123,PUT (NVDA) NVIDIA CORPORATION MAY 23 25 $123 (100 SHS),Margin,0,,USD,1.01,-1,0,0.65,0.03,,100.32,05/14/2025
05/13/2025,Individual,YOU BOUGHT OPENING TRANSACTION PUT (NVDA) NVIDIA CORPORATION MAY 23 25 $113 (100 SHS) (Margin),-NVDA250523P113,PUT (NVDA) NVIDIA CORPORATION MAY 23 25 $113 (100 SHS),Margin,0,,USD,0.23,1,0,0.65,0.03,,-23.68,05/14/2025
05/12/2025,Individual,"YOU SOLD OPENING TRANSACTION PUT (MARA) MARA HOLDINGS, INC. MAY 16 25 $15 (100 SHS) (Margin)",-MARA250516P15,"PUT (MARA) MARA HOLDINGS, INC. MAY 16 25 $15 (100 SHS)",Margin,0,,USD,0.18,-1,0,0.65,0.03,,17.32,05/13/2025
05/08/2025,Individual,YOU BOUGHT CLOSING TRANSACTION PUT (PLTR) PALANTIR MAY 23 25 $64 (100 SHS) (Margin),-PLTR250523P64,PUT (PLTR) PALANTIR MAY 23 25 $64 (100 SHS),Margin,0,,USD,0.04,1,0,,0.03,,-4.03,05/09/2025
05/08/2025,Individual,YOU SOLD CLOSING TRANSACTION PUT (PLTR) PALANTIR MAY 23 25 $55 (100 SHS) (Margin),-PLTR250523P55,PUT (PLTR) PALANTIR MAY 23 25 $55 (100 SHS),Margin,0,,USD,0.01,-1,0,0.05,0.03,,0.92,05/09/2025
05/06/2025,Individual,YOU BOUGHT OPENING TRANSACTION PUT (PLTR) PALANTIR JUN 06 25 $75 (100 SHS) (Margin),-PLTR250606P75,PUT (PLTR) PALANTIR JUN 06 25 $75 (100 SHS),Margin,0,,USD,0.55,1,0,0.65,0.03,,-55.68,05/07/2025
05/06/2025,Individual,YOU SOLD OPENING TRANSACTION PUT (PLTR) PALANTIR JUN 06 25 $85 (100 SHS) (Margin),-PLTR250606P85,PUT (PLTR) PALANTIR JUN 06 25 $85 (100 SHS),Margin,0,,USD,1.31,-1,0,0.65,0.03,,130.32,05/07/2025
05/06/2025,Individual,YOU BOUGHT OPENING TRANSACTION PUT (MU) MICRON TECHNOLOGY MAY 30 25 $58 (100 SHS) (Margin),-MU250530P58,PUT (MU) MICRON TECHNOLOGY MAY 30 25 $58 (100 SHS),Margin,0,,USD,0.18,1,0,0.65,0.03,,-18.68,05/07/2025
05/06/2025,Individual,YOU BOUGHT OPENING TRANSACTION PUT (PLTR) PALANTIR MAY 30 25 $78 (100 SHS) (Margin),-PLTR250530P78,PUT (PLTR) PALANTIR MAY 30 25 $78 (100 SHS),Margin,0,,USD,0.3,1,0,0.65,0.03,,-30.68,05/07/2025
05/06/2025,Individual,YOU SOLD OPENING TRANSACTION PUT (PLTR) PALANTIR MAY 30 25 $88 (100 SHS) (Margin),-PLTR250530P88,PUT (PLTR) PALANTIR MAY 30 25 $88 (100 SHS),Margin,0,,USD,1.26,-1,0,0.65,0.03,,125.32,05/07/2025
05/06/2025,Individual,YOU SOLD OPENING TRANSACTION PUT (MU) MICRON TECHNOLOGY MAY 30 25 $68 (100 SHS) (Margin),-MU250530P68,PUT (MU) MICRON TECHNOLOGY MAY 30 25 $68 (100 SHS),Margin,0,,USD,0.86,-1,0,0.65,0.03,,85.32,05/07/2025
05/05/2025,Individual,"EXPIRED PUT (MARA) MARA HOLDINGS, INC. MAY 02 25 $13.5 as of May-02-2025 PUT (MARA) MARA HOLDINGS, INC. MAY 02 25 $13.5 (100 SHS) (Margin)",-MARA250502P13.5,"PUT (MARA) MARA HOLDINGS, INC. MAY 02 25 $13.5 (100 SHS)",Margin,0,,USD,,1,0,,,,0,
05/05/2025,Individual,YOU SOLD CLOSING TRANSACTION PUT (NVDA) NVIDIA CORPORATION MAY 23 25 $75 (100 SHS) (Margin),-NVDA250523P75,PUT (NVDA) NVIDIA CORPORATION MAY 23 25 $75 (100 SHS),Margin,0,,USD,0.06,-1,0,0.3,0.03,,5.67,05/06/2025
05/05/2025,Individual,YOU BOUGHT CLOSING TRANSACTION PUT (NVDA) NVIDIA CORPORATION MAY 23 25 $85 (100 SHS) (Margin),-NVDA250523P85,PUT (NVDA) NVIDIA CORPORATION MAY 23 25 $85 (100 SHS),Margin,0,,USD,0.13,1,0,,0.03,,-13.03,05/06/2025
05/02/2025,Individual,YOU BOUGHT CLOSING TRANSACTION PUT (MU) MICRON TECHNOLOGY MAY 23 25 $54 (100 SHS) (Margin),-MU250523P54,PUT (MU) MICRON TECHNOLOGY MAY 23 25 $54 (100 SHS),Margin,0,,USD,0.08,1,0,,0.03,,-8.03,05/05/2025
05/02/2025,Individual,YOU SOLD CLOSING TRANSACTION PUT (MU) MICRON TECHNOLOGY MAY 23 25 $45 (100 SHS) (Margin),-MU250523P45,PUT (MU) MICRON TECHNOLOGY MAY 23 25 $45 (100 SHS),Margin,0,,USD,0.01,-1,0,0.05,0.03,,0.92,05/05/2025
05/02/2025,Individual,YOU SOLD OPENING TRANSACTION CALL (PLTR) PALANTIR JAN 16 26 $125 (100 SHS) (Margin),-PLTR260116C125,CALL (PLTR) PALANTIR JAN 16 26 $125 (100 SHS),Margin,0,,USD,30.31,-1,0,0.65,0.12,,3030.23,05/05/2025
05/02/2025,Individual,YOU BOUGHT CLOSING TRANSACTION CALL (PLTR) PALANTIR NOV 21 25 $120 (100 SHS) (Margin),-PLTR251121C120,CALL (PLTR) PALANTIR NOV 21 25 $120 (100 SHS),Margin,0,,USD,29.91,1,0,0.65,0.03,,-2991.68,05/05/2025
05/02/2025,ROTH IRA,YOU SOLD OPENING TRANSACTION PUT (SOFI) SOFI TECHNOLOGIES MAY 16 25 $12 (100 SHS) (Cash),-SOFI250516P12,PUT (SOFI) SOFI TECHNOLOGIES MAY 16 25 $12 (100 SHS),Cash,0,,USD,0.28,-1,0,0.65,0.03,,27.32,05/05/2025
05/01/2025,Individual,YOU SOLD OPENING TRANSACTION CALL (PLTR) PALANTIR NOV 21 25 $120 (100 SHS) (Margin),-PLTR251121C120,CALL (PLTR) PALANTIR NOV 21 25 $120 (100 SHS),Margin,0,,USD,26.22,-1,0,0.65,0.11,,2621.24,05/02/2025
05/01/2025,Individual,YOU BOUGHT CLOSING TRANSACTION CALL (PLTR) PALANTIR OCT 17 25 $115 (100 SHS) (Margin),-PLTR251017C115,CALL (PLTR) PALANTIR OCT 17 25 $115 (100 SHS),Margin,0,,USD,25.67,1,0,0.65,0.03,,-2567.68,05/02/2025
04/30/2025,Individual,YOU BOUGHT OPENING TRANSACTION PUT (NVDA) NVIDIA CORPORATION MAY 23 25 $82 (100 SHS) (Margin),-NVDA250523P82,PUT (NVDA) NVIDIA CORPORATION MAY 23 25 $82 (100 SHS),Margin,0,,USD,0.29,1,0,0.65,0.03,,-29.68,05/01/2025
04/30/2025,Individual,YOU SOLD OPENING TRANSACTION PUT (NVDA) NVIDIA CORPORATION MAY 23 25 $92 (100 SHS) (Margin),-NVDA250523P92,PUT (NVDA) NVIDIA CORPORATION MAY 23 25 $92 (100 SHS),Margin,0,,USD,1.08,-1,0,0.65,0.03,,107.32,05/01/2025
04/30/2025,Individual,"YOU SOLD OPENING TRANSACTION PUT (MARA) MARA HOLDINGS, INC. MAY 23 25 $12 (100 SHS) (Margin)",-MARA250523P12,"PUT (MARA) MARA HOLDINGS, INC. MAY 23 25 $12 (100 SHS)",Margin,0,,USD,0.59,-1,0,0.65,0.03,,58.32,05/01/2025
04/29/2025,Individual,YOU BOUGHT CLOSING TRANSACTION PUT (NVDA) NVIDIA CORPORATION MAY 23 25 $79 (100 SHS) (Margin),-NVDA250523P79,PUT (NVDA) NVIDIA CORPORATION MAY 23 25 $79 (100 SHS),Margin,0,,USD,0.15,1,0,,0.03,,-15.03,04/30/2025
04/29/2025,Individual,YOU SOLD CLOSING TRANSACTION PUT (NVDA) NVIDIA CORPORATION MAY 23 25 $70 (100 SHS) (Margin),-NVDA250523P70,PUT (NVDA) NVIDIA CORPORATION MAY 23 25 $70 (100 SHS),Margin,0,,USD,0.07,-1,0,0.35,0.03,,6.62,04/30/2025
04/29/2025,Individual,YOU SOLD OPENING TRANSACTION PUT (MU) MICRON TECHNOLOGY MAY 23 25 $65 (100 SHS) (Margin),-MU250523P65,PUT (MU) MICRON TECHNOLOGY MAY 23 25 $65 (100 SHS),Margin,0,,USD,0.83,-1,0,0.65,0.03,,82.32,04/30/2025
04/29/2025,Individual,YOU BOUGHT OPENING TRANSACTION PUT (MU) MICRON TECHNOLOGY MAY 23 25 $55 (100 SHS) (Margin),-MU250523P55,PUT (MU) MICRON TECHNOLOGY MAY 23 25 $55 (100 SHS),Margin,0,,USD,0.18,1,0,0.65,0.03,,-18.68,04/30/2025
04/29/2025,Individual,YOU SOLD OPENING TRANSACTION PUT (SOFI) SOFI TECHNOLOGIES MAY 16 25 $13 (100 SHS) (Margin),-SOFI250516P13,PUT (SOFI) SOFI TECHNOLOGIES MAY 16 25 $13 (100 SHS),Margin,0,,USD,0.57,-1,0,0.65,0.03,,56.32,04/30/2025
04/29/2025,ROTH IRA,YOU BOUGHT CLOSING TRANSACTION PUT (SOFI) SOFI TECHNOLOGIES MAY 02 25 $10 (100 SHS) (Cash),-SOFI250502P10,PUT (SOFI) SOFI TECHNOLOGIES MAY 02 25 $10 (100 SHS),Cash,0,,USD,0.02,1,0,,0.03,,-2.03,04/30/2025
04/28/2025,Individual,YOU SOLD OPENING TRANSACTION PUT (MU) MICRON TECHNOLOGY MAY 30 25 $64 (100 SHS) (Margin),-MU250530P64,PUT (MU) MICRON TECHNOLOGY MAY 30 25 $64 (100 SHS),Margin,0,,USD,0.95,-1,0,0.65,0.03,,94.32,04/29/2025
04/28/2025,Individual,YOU BOUGHT OPENING TRANSACTION PUT (MU) MICRON TECHNOLOGY MAY 30 25 $55 (100 SHS) (Margin),-MU250530P55,PUT (MU) MICRON TECHNOLOGY MAY 30 25 $55 (100 SHS),Margin,0,,USD,0.24,1,0,0.65,0.03,,-24.68,04/29/2025
04/28/2025,Individual,"YOU BOUGHT OPENING TRANSACTION PUT (MARA) MARA HOLDINGS, INC. MAY 30 25 $11.5 (100 SHS) (Margin)",-MARA250530P11.5,"PUT (MARA) MARA HOLDINGS, INC. MAY 30 25 $11.5 (100 SHS)",Margin,0,,USD,0.45,1,0,0.65,0.03,,-45.68,04/29/2025
04/28/2025,Individual,"YOU SOLD OPENING TRANSACTION PUT (MARA) MARA HOLDINGS, INC. MAY 30 25 $12.5 (100 SHS) (Margin)",-MARA250530P12.5,"PUT (MARA) MARA HOLDINGS, INC. MAY 30 25 $12.5 (100 SHS)",Margin,0,,USD,0.81,-1,0,0.65,0.03,,80.32,04/29/2025
04/25/2025,Individual,YOU SOLD OPENING TRANSACTION PUT (CLS) CELESTICA INC COM MAY 16 25 $74 (100 SHS) (Margin),-CLS250516P74,PUT (CLS) CELESTICA INC COM MAY 16 25 $74 (100 SHS),Margin,0,,USD,1.19,-1,0,0.65,0.03,,118.32,04/28/2025
04/25/2025,Individual,YOU BOUGHT CLOSING TRANSACTION PUT (NVDA) NVIDIA CORPORATION MAY 23 25 $72 (100 SHS) (Margin),-NVDA250523P72,PUT (NVDA) NVIDIA CORPORATION MAY 23 25 $72 (100 SHS),Margin,0,,USD,0.12,1,0,,0.03,,-12.03,04/28/2025
04/25/2025,Individual,YOU BOUGHT CLOSING TRANSACTION PUT (NVDA) NVIDIA CORPORATION MAY 09 25 $82 (100 SHS) (Margin),-NVDA250509P82,PUT (NVDA) NVIDIA CORPORATION MAY 09 25 $82 (100 SHS),Margin,0,,USD,0.1,1,0,,0.03,,-10.03,04/28/2025
04/25/2025,Individual,YOU SOLD CLOSING TRANSACTION PUT (NVDA) NVIDIA CORPORATION MAY 09 25 $72 (100 SHS) (Margin),-NVDA250509P72,PUT (NVDA) NVIDIA CORPORATION MAY 09 25 $72 (100 SHS),Margin,0,,USD,0.05,-1,0,0.25,0.03,,4.72,04/28/2025
04/25/2025,Individual,YOU SOLD CLOSING TRANSACTION PUT (NVDA) NVIDIA CORPORATION MAY 23 25 $60 (100 SHS) (Margin),-NVDA250523P60,PUT (NVDA) NVIDIA CORPORATION MAY 23 25 $60 (100 SHS),Margin,0,,USD,0.06,-1,0,0.3,0.03,,5.67,04/28/2025
04/25/2025,Individual,YOU BOUGHT OPENING TRANSACTION PUT (CLS) CELESTICA INC COM MAY 16 25 $65 (100 SHS) (Margin),-CLS250516P65,PUT (CLS) CELESTICA INC COM MAY 16 25 $65 (100 SHS),Margin,0,,USD,0.47,1,0,0.65,0.03,,-47.68,04/28/2025
04/25/2025,Individual,"YOU SOLD OPENING TRANSACTION PUT (MARA) MARA HOLDINGS, INC. MAY 02 25 $13.5 (100 SHS) (Margin)",-MARA250502P13.5,"PUT (MARA) MARA HOLDINGS, INC. MAY 02 25 $13.5 (100 SHS)",Margin,0,,USD,0.29,-1,0,0.65,0.03,,28.32,04/28/2025
04/25/2025,Individual,"YOU BOUGHT CLOSING TRANSACTION PUT (MARA) MARA HOLDINGS, INC. MAY 02 25 $10.5 (100 SHS) (Margin)",-MARA250502P10.5,"PUT (MARA) MARA HOLDINGS, INC. MAY 02 25 $10.5 (100 SHS)",Margin,0,,USD,0.02,1,0,,0.03,,-2.03,04/28/2025
04/25/2025,Individual,YOU BOUGHT CLOSING TRANSACTION CALL (PLTR) PALANTIR AUG 15 25 $110 (100 SHS) (Margin),-PLTR250815C110,CALL (PLTR) PALANTIR AUG 15 25 $110 (100 SHS),Margin,0,,USD,19.01,1,0,0.65,0.03,,-1901.68,04/28/2025
04/25/2025,Individual,YOU SOLD OPENING TRANSACTION CALL (PLTR) PALANTIR OCT 17 25 $115 (100 SHS) (Margin),-PLTR251017C115,CALL (PLTR) PALANTIR OCT 17 25 $115 (100 SHS),Margin,0,,USD,20.21,-1,0,0.65,0.09,,2020.26,04/28/2025
04/25/2025,Individual,YOU BOUGHT CLOSING TRANSACTION PUT (MU) MICRON TECHNOLOGY MAY 16 25 $55 (100 SHS) (Margin),-MU250516P55,PUT (MU) MICRON TECHNOLOGY MAY 16 25 $55 (100 SHS),Margin,0,,USD,0.11,1,0,,0.03,,-11.03,04/28/2025
04/25/2025,Individual,YOU SOLD CLOSING TRANSACTION PUT (MU) MICRON TECHNOLOGY MAY 16 25 $45 (100 SHS) (Margin),-MU250516P45,PUT (MU) MICRON TECHNOLOGY MAY 16 25 $45 (100 SHS),Margin,0,,USD,0.03,-1,0,0.15,0.03,,2.82,04/28/2025
04/23/2025,Individual,YOU SOLD CLOSING TRANSACTION PUT (MU) MICRON TECHNOLOGY MAY 02 25 $45 (100 SHS) (Margin),-MU250502P45,PUT (MU) MICRON TECHNOLOGY MAY 02 25 $45 (100 SHS),Margin,0,,USD,0.02,-1,0,0.1,0.03,,1.87,04/24/2025
04/23/2025,Individual,YOU BOUGHT CLOSING TRANSACTION PUT (MU) MICRON TECHNOLOGY MAY 02 25 $55 (100 SHS) (Margin),-MU250502P55,PUT (MU) MICRON TECHNOLOGY MAY 02 25 $55 (100 SHS),Margin,0,,USD,0.07,1,0,,0.03,,-7.03,04/24/2025
04/23/2025,Individual,YOU BOUGHT CLOSING TRANSACTION CALL (PLTR) PALANTIR JUL 18 25 $105 (100 SHS) (Margin),-PLTR250718C105,CALL (PLTR) PALANTIR JUL 18 25 $105 (100 SHS),Margin,0,,USD,12.27,1,0,0.65,0.03,,-1227.68,04/24/2025
04/23/2025,Individual,YOU SOLD OPENING TRANSACTION CALL (PLTR) PALANTIR AUG 15 25 $110 (100 SHS) (Margin),-PLTR250815C110,CALL (PLTR) PALANTIR AUG 15 25 $110 (100 SHS),Margin,0,,USD,13.37,-1,0,0.65,0.07,,1336.28,04/24/2025
04/22/2025,Individual,"YOU BOUGHT CLOSING TRANSACTION PUT (MARA) MARA HOLDINGS, INC. APR 25 25 $11.5 (100 SHS) (Margin)",-MARA250425P11.5,"PUT (MARA) MARA HOLDINGS, INC. APR 25 25 $11.5 (100 SHS)",Margin,0,,USD,0.03,1,0,,0.03,,-3.03,04/23/2025
04/22/2025,ROTH IRA,YOU SOLD OPENING TRANSACTION PUT (SOFI) SOFI TECHNOLOGIES MAY 02 25 $10 (100 SHS) (Cash),-SOFI250502P10,PUT (SOFI) SOFI TECHNOLOGIES MAY 02 25 $10 (100 SHS),Cash,0,,USD,0.33,-1,0,0.65,0.03,,32.32,04/23/2025
04/21/2025,Individual,EXPIRED PUT (CLS) CELESTICA INC COM APR 17 25 $47.5 as of Apr-17-2025 PUT (CLS) CELESTICA INC COM APR 17 25 $47.5 (100 SHS) (Margin),-CLS250417P47.5,PUT (CLS) CELESTICA INC COM APR 17 25 $47.5 (100 SHS),Margin,0,,USD,,1,0,,,,0,
04/21/2025,Individual,EXPIRED PUT (CLS) CELESTICA INC COM APR 17 25 $37.5 as of Apr-17-2025 PUT (CLS) CELESTICA INC COM APR 17 25 $37.5 (100 SHS) (Margin),-CLS250417P37.5,PUT (CLS) CELESTICA INC COM APR 17 25 $37.5 (100 SHS),Margin,0,,USD,,-1,0,,,,0,
04/21/2025,Individual,YOU BOUGHT CLOSING TRANSACTION PUT (NVDA) NVIDIA CORPORATION MAY 09 25 $85 (100 SHS) (Margin),-NVDA250509P85,PUT (NVDA) NVIDIA CORPORATION MAY 09 25 $85 (100 SHS),Margin,0,,USD,1.74,2,0,1.3,0.06,,-349.36,04/22/2025
04/21/2025,Individual,YOU SOLD OPENING TRANSACTION PUT (NVDA) NVIDIA CORPORATION MAY 23 25 $72 (100 SHS) (Margin),-NVDA250523P72,PUT (NVDA) NVIDIA CORPORATION MAY 23 25 $72 (100 SHS),Margin,0,,USD,0.76,-1,0,0.65,0.03,,75.32,04/22/2025
04/21/2025,Individual,YOU BOUGHT OPENING TRANSACTION PUT (NVDA) NVIDIA CORPORATION MAY 23 25 $73 (100 SHS) (Margin),-NVDA250523P73,PUT (NVDA) NVIDIA CORPORATION MAY 23 25 $73 (100 SHS),Margin,0,,USD,0.86,2,0,1.3,0.06,,-173.36,04/22/2025
04/21/2025,Individual,YOU SOLD OPENING TRANSACTION PUT (NVDA) NVIDIA CORPORATION MAY 23 25 $79 (100 SHS) (Margin),-NVDA250523P79,PUT (NVDA) NVIDIA CORPORATION MAY 23 25 $79 (100 SHS),Margin,0,,USD,1.52,-1,0,0.65,0.03,,151.32,04/22/2025
04/21/2025,Individual,YOU SOLD OPENING TRANSACTION PUT (NVDA) NVIDIA CORPORATION MAY 23 25 $83 (100 SHS) (Margin),-NVDA250523P83,PUT (NVDA) NVIDIA CORPORATION MAY 23 25 $83 (100 SHS),Margin,0,,USD,2.3,-2,0,1.3,0.08,,458.62,04/22/2025
04/21/2025,Individual,YOU BOUGHT OPENING TRANSACTION PUT (NVDA) NVIDIA CORPORATION MAY 23 25 $70 (100 SHS) (Margin),-NVDA250523P70,PUT (NVDA) NVIDIA CORPORATION MAY 23 25 $70 (100 SHS),Margin,0,,USD,0.62,1,0,0.65,0.03,,-62.68,04/22/2025
04/21/2025,Individual,YOU BOUGHT OPENING TRANSACTION PUT (NVDA) NVIDIA CORPORATION MAY 23 25 $60 (100 SHS) (Margin),-NVDA250523P60,PUT (NVDA) NVIDIA CORPORATION MAY 23 25 $60 (100 SHS),Margin,0,,USD,0.25,1,0,0.65,0.03,,-25.68,04/22/2025
04/21/2025,Individual,YOU BOUGHT CLOSING TRANSACTION PUT (SOFI) SOFI TECHNOLOGIES APR 25 25 $9 (100 SHS) (Margin),-SOFI250425P9,PUT (SOFI) SOFI TECHNOLOGIES APR 25 25 $9 (100 SHS),Margin,0,,USD,0.02,1,0,,0.03,,-2.03,04/22/2025
04/21/2025,Individual,YOU SOLD CLOSING TRANSACTION PUT (NVDA) NVIDIA CORPORATION MAY 09 25 $75 (100 SHS) (Margin),-NVDA250509P75,PUT (NVDA) NVIDIA CORPORATION MAY 09 25 $75 (100 SHS),Margin,0,,USD,0.53,-2,0,1.3,0.06,,104.64,04/22/2025
04/17/2025,Individual,YOU SOLD OPENING TRANSACTION PUT (NVDA) NVIDIA CORPORATION MAY 09 25 $85 (100 SHS) (Margin),-NVDA250509P85,PUT (NVDA) NVIDIA CORPORATION MAY 09 25 $85 (100 SHS),Margin,0,,USD,0.95,-1,0,0.65,0.03,,94.32,04/21/2025
04/17/2025,Individual,YOU SOLD OPENING TRANSACTION PUT (MU) MICRON TECHNOLOGY MAY 23 25 $54 (100 SHS) (Margin),-MU250523P54,PUT (MU) MICRON TECHNOLOGY MAY 23 25 $54 (100 SHS),Margin,0,,USD,0.93,-1,0,0.65,0.03,,92.32,04/21/2025
04/17/2025,Individual,YOU BOUGHT CLOSING TRANSACTION PUT (MU) MICRON TECHNOLOGY APR 25 25 $54 (100 SHS) (Margin),-MU250425P54,PUT (MU) MICRON TECHNOLOGY APR 25 25 $54 (100 SHS),Margin,0,,USD,0.1,1,0,,0.03,,-10.03,04/21/2025
04/17/2025,Individual,YOU SOLD CLOSING TRANSACTION PUT (MU) MICRON TECHNOLOGY APR 25 25 $45 (100 SHS) (Margin),-MU250425P45,PUT (MU) MICRON TECHNOLOGY APR 25 25 $45 (100 SHS),Margin,0,,USD,0.01,-1,0,0.05,0.03,,0.92,04/21/2025
04/17/2025,Individual,YOU BOUGHT OPENING TRANSACTION PUT (MU) MICRON TECHNOLOGY MAY 23 25 $45 (100 SHS) (Margin),-MU250523P45,PUT (MU) MICRON TECHNOLOGY MAY 23 25 $45 (100 SHS),Margin,0,,USD,0.31,1,0,0.65,0.03,,-31.68,04/21/2025
04/17/2025,Individual,YOU BOUGHT OPENING TRANSACTION PUT (NVDA) NVIDIA CORPORATION MAY 09 25 $75 (100 SHS) (Margin),-NVDA250509P75,PUT (NVDA) NVIDIA CORPORATION MAY 09 25 $75 (100 SHS),Margin,0,,USD,0.35,1,0,0.65,0.03,,-35.68,04/21/2025
04/16/2025,Individual,YOU SOLD OPENING TRANSACTION PUT (NVDA) NVIDIA CORPORATION MAY 09 25 $85 (100 SHS) (Margin),-NVDA250509P85,PUT (NVDA) NVIDIA CORPORATION MAY 09 25 $85 (100 SHS),Margin,0,,USD,0.84,-1,0,0.65,0.03,,83.32,04/17/2025
04/16/2025,Individual,YOU SOLD OPENING TRANSACTION PUT (NVDA) NVIDIA CORPORATION MAY 09 25 $82 (100 SHS) (Margin),-NVDA250509P82,PUT (NVDA) NVIDIA CORPORATION MAY 09 25 $82 (100 SHS),Margin,0,,USD,1.09,-1,0,0.65,0.03,,108.32,04/17/2025
04/16/2025,Individual,YOU BOUGHT OPENING TRANSACTION PUT (NVDA) NVIDIA CORPORATION MAY 09 25 $72 (100 SHS) (Margin),-NVDA250509P72,PUT (NVDA) NVIDIA CORPORATION MAY 09 25 $72 (100 SHS),Margin,0,,USD,0.46,1,0,0.65,0.03,,-46.68,04/17/2025
04/16/2025,Individual,"YOU SOLD OPENING TRANSACTION PUT (MARA) MARA HOLDINGS, INC. MAY 02 25 $10.5 (100 SHS) (Margin)",-MARA250502P10.5,"PUT (MARA) MARA HOLDINGS, INC. MAY 02 25 $10.5 (100 SHS)",Margin,0,,USD,0.22,-1,0,0.65,0.03,,21.32,04/17/2025
04/16/2025,Individual,YOU SOLD OPENING TRANSACTION PUT (MU) MICRON TECHNOLOGY MAY 16 25 $55 (100 SHS) (Margin),-MU250516P55,PUT (MU) MICRON TECHNOLOGY MAY 16 25 $55 (100 SHS),Margin,0,,USD,0.98,-1,0,0.65,0.03,,97.32,04/17/2025
04/16/2025,Individual,YOU BOUGHT OPENING TRANSACTION PUT (MU) MICRON TECHNOLOGY MAY 16 25 $45 (100 SHS) (Margin),-MU250516P45,PUT (MU) MICRON TECHNOLOGY MAY 16 25 $45 (100 SHS),Margin,0,,USD,0.29,1,0,0.65,0.03,,-29.68,04/17/2025
04/16/2025,Individual,YOU BOUGHT OPENING TRANSACTION PUT (NVDA) NVIDIA CORPORATION MAY 09 25 $75 (100 SHS) (Margin),-NVDA250509P75,PUT (NVDA) NVIDIA CORPORATION MAY 09 25 $75 (100 SHS),Margin,0,,USD,0.32,1,0,0.65,0.03,,-32.68,04/17/2025
04/15/2025,Individual,YOU BOUGHT CLOSING TRANSACTION CALL (PLTR) PALANTIR MAY 30 25 $101 (100 SHS) (Margin),-PLTR250530C101,CALL (PLTR) PALANTIR MAY 30 25 $101 (100 SHS),Margin,0,,USD,9.58,1,0,0.65,0.03,,-958.68,04/16/2025
04/15/2025,Individual,"YOU SOLD OPENING TRANSACTION PUT (MARA) MARA HOLDINGS, INC. APR 25 25 $11.5 (100 SHS) (Margin)",-MARA250425P11.5,"PUT (MARA) MARA HOLDINGS, INC. APR 25 25 $11.5 (100 SHS)",Margin,0,,USD,0.34,-1,0,0.65,0.03,,33.32,04/16/2025
04/15/2025,Individual,YOU SOLD OPENING TRANSACTION CALL (PLTR) PALANTIR JUL 18 25 $105 (100 SHS) (Margin),-PLTR250718C105,CALL (PLTR) PALANTIR JUL 18 25 $105 (100 SHS),Margin,0,,USD,11.33,-1,0,0.65,0.07,,1132.28,04/16/2025
04/14/2025,Individual,EXPIRED PUT (MU) MICRON TECHNOLOGY APR 11 25 $51 as of Apr-11-2025 PUT (MU) MICRON TECHNOLOGY APR 11 25 $51 (100 SHS) (Margin),-MU250411P51,PUT (MU) MICRON TECHNOLOGY APR 11 25 $51 (100 SHS),Margin,0,,USD,,-1,0,,,,0,
04/14/2025,Individual,EXPIRED PUT (MU) MICRON TECHNOLOGY APR 11 25 $61.5 as of Apr-11-2025 PUT (MU) MICRON TECHNOLOGY APR 11 25 $61.5 (100 SHS) (Margin),-MU250411P61.5,PUT (MU) MICRON TECHNOLOGY APR 11 25 $61.5 (100 SHS),Margin,0,,USD,,1,0,,,,0,
04/14/2025,Individual,YOU SOLD OPENING TRANSACTION CALL (PLTR) PALANTIR MAY 30 25 $101 (100 SHS) (Margin),-PLTR250530C101,CALL (PLTR) PALANTIR MAY 30 25 $101 (100 SHS),Margin,0,,USD,8.1,-1,0,0.65,0.06,,809.29,04/15/2025
04/14/2025,Individual,YOU BOUGHT CLOSING TRANSACTION CALL (PLTR) PALANTIR MAY 16 25 $100 (100 SHS) (Margin),-PLTR250516C100,CALL (PLTR) PALANTIR MAY 16 25 $100 (100 SHS),Margin,0,,USD,7.5,1,0,0.65,0.03,,-750.68,04/15/2025
04/11/2025,Individual,YOU SOLD OPENING TRANSACTION PUT (PLTR) PALANTIR MAY 23 25 $64 (100 SHS) (Margin),-PLTR250523P64,PUT (PLTR) PALANTIR MAY 23 25 $64 (100 SHS),Margin,0,,USD,3.18,-1,0,0.65,0.03,,317.32,04/14/2025
04/11/2025,Individual,YOU SOLD OPENING TRANSACTION PUT (MU) MICRON TECHNOLOGY APR 25 25 $54 (100 SHS) (Margin),-MU250425P54,PUT (MU) MICRON TECHNOLOGY APR 25 25 $54 (100 SHS),Margin,0,,USD,1.07,-1,0,0.65,0.03,,106.32,04/14/2025
04/11/2025,Individual,YOU BOUGHT OPENING TRANSACTION PUT (MU) MICRON TECHNOLOGY APR 25 25 $45 (100 SHS) (Margin),-MU250425P45,PUT (MU) MICRON TECHNOLOGY APR 25 25 $45 (100 SHS),Margin,0,,USD,0.34,1,0,0.65,0.03,,-34.68,04/14/2025
04/11/2025,Individual,YOU BOUGHT OPENING TRANSACTION PUT (PLTR) PALANTIR MAY 23 25 $55 (100 SHS) (Margin),-PLTR250523P55,PUT (PLTR) PALANTIR MAY 23 25 $55 (100 SHS),Margin,0,,USD,1.68,1,0,0.65,0.03,,-168.68,04/14/2025
04/11/2025,Individual,YOU SOLD CLOSING TRANSACTION PUT (PLTR) PALANTIR MAY 02 25 $55 (100 SHS) (Margin),-PLTR250502P55,PUT (PLTR) PALANTIR MAY 02 25 $55 (100 SHS),Margin,0,,USD,0.51,-1,0,0.65,0.03,,50.32,04/14/2025
04/11/2025,Individual,YOU BOUGHT CLOSING TRANSACTION PUT (PLTR) PALANTIR MAY 02 25 $65 (100 SHS) (Margin),-PLTR250502P65,PUT (PLTR) PALANTIR MAY 02 25 $65 (100 SHS),Margin,0,,USD,1.49,1,0,0.65,0.03,,-149.68,04/14/2025
04/11/2025,Individual,YOU SOLD OPENING TRANSACTION PUT (SOFI) SOFI TECHNOLOGIES APR 25 25 $9 (100 SHS) (Margin),-SOFI250425P9,PUT (SOFI) SOFI TECHNOLOGIES APR 25 25 $9 (100 SHS),Margin,0,,USD,0.38,-1,0,0.65,0.03,,37.32,04/14/2025
04/10/2025,Individual,YOU BOUGHT OPENING TRANSACTION PUT (MU) MICRON TECHNOLOGY APR 11 25 $51 (100 SHS) (Margin),-MU250411P51,PUT (MU) MICRON TECHNOLOGY APR 11 25 $51 (100 SHS),Margin,0,,USD,0.02,1,0,0.1,0.03,,-2.13,04/11/2025
04/10/2025,Individual,YOU SOLD OPENING TRANSACTION PUT (MU) MICRON TECHNOLOGY APR 11 25 $61.5 (100 SHS) (Margin),-MU250411P61.5,PUT (MU) MICRON TECHNOLOGY APR 11 25 $61.5 (100 SHS),Margin,0,,USD,0.32,-1,0,0.65,0.03,,31.32,04/11/2025
04/10/2025,Individual,YOU BOUGHT OPENING TRANSACTION PUT (MU) MICRON TECHNOLOGY MAY 02 25 $45 (100 SHS) (Margin),-MU250502P45,PUT (MU) MICRON TECHNOLOGY MAY 02 25 $45 (100 SHS),Margin,0,,USD,0.29,1,0,0.65,0.03,,-29.68,04/11/2025
04/10/2025,Individual,YOU SOLD CLOSING TRANSACTION PUT (MU) MICRON TECHNOLOGY APR 11 25 $45 (100 SHS) (Margin),-MU250411P45,PUT (MU) MICRON TECHNOLOGY APR 11 25 $45 (100 SHS),Margin,0,,USD,0.01,-1,0,0.05,0.03,,0.92,04/11/2025
04/10/2025,Individual,YOU SOLD CLOSING TRANSACTION PUT (PLTR) PALANTIR APR 11 25 $56 (100 SHS) (Margin),-PLTR250411P56,PUT (PLTR) PALANTIR APR 11 25 $56 (100 SHS),Margin,0,,USD,0.01,-1,0,0.05,0.03,,0.92,04/11/2025
04/10/2025,Individual,YOU BOUGHT OPENING TRANSACTION PUT (PLTR) PALANTIR MAY 02 25 $55 (100 SHS) (Margin),-PLTR250502P55,PUT (PLTR) PALANTIR MAY 02 25 $55 (100 SHS),Margin,0,,USD,0.28,1,0,0.65,0.03,,-28.68,04/11/2025
04/10/2025,Individual,YOU SOLD OPENING TRANSACTION PUT (PLTR) PALANTIR MAY 02 25 $65 (100 SHS) (Margin),-PLTR250502P65,PUT (PLTR) PALANTIR MAY 02 25 $65 (100 SHS),Margin,0,,USD,1.08,-1,0,0.65,0.03,,107.32,04/11/2025
04/10/2025,Individual,YOU SOLD OPENING TRANSACTION PUT (MU) MICRON TECHNOLOGY MAY 02 25 $55 (100 SHS) (Margin),-MU250502P55,PUT (MU) MICRON TECHNOLOGY MAY 02 25 $55 (100 SHS),Margin,0,,USD,0.95,-1,0,0.65,0.03,,94.32,04/11/2025
04/10/2025,Individual,YOU BOUGHT CLOSING TRANSACTION PUT (PLTR) PALANTIR APR 11 25 $66 (100 SHS) (Margin),-PLTR250411P66,PUT (PLTR) PALANTIR APR 11 25 $66 (100 SHS),Margin,0,,USD,0.05,1,0,,0.03,,-5.03,04/11/2025
04/10/2025,Individual,YOU BOUGHT CLOSING TRANSACTION PUT (MU) MICRON TECHNOLOGY APR 11 25 $55 (100 SHS) (Margin),-MU250411P55,PUT (MU) MICRON TECHNOLOGY APR 11 25 $55 (100 SHS),Margin,0,,USD,0.07,1,0,,0.03,,-7.03,04/11/2025
04/09/2025,Individual,YOU BOUGHT CLOSING TRANSACTION PUT (NVDA) NVIDIA CORPORATION APR 25 25 $71 (100 SHS) (Margin),-NVDA250425P71,PUT (NVDA) NVIDIA CORPORATION APR 25 25 $71 (100 SHS),Margin,0,,USD,0.25,1,0,,0.03,,-25.03,04/10/2025
04/09/2025,Individual,YOU BOUGHT OPENING TRANSACTION PUT (MU) MICRON TECHNOLOGY APR 11 25 $45 (100 SHS) (Margin),-MU250411P45,PUT (MU) MICRON TECHNOLOGY APR 11 25 $45 (100 SHS),Margin,0,,USD,0.08,1,0,0.4,0.03,,-8.43,04/10/2025
04/09/2025,Individual,YOU BOUGHT OPENING TRANSACTION PUT (PLTR) PALANTIR APR 11 25 $56 (100 SHS) (Margin),-PLTR250411P56,PUT (PLTR) PALANTIR APR 11 25 $56 (100 SHS),Margin,0,,USD,0.11,1,0,0.55,0.03,,-11.58,04/10/2025
04/09/2025,Individual,YOU BOUGHT CLOSING TRANSACTION PUT (PLTR) PALANTIR APR 11 25 $59 (100 SHS) (Margin),-PLTR250411P59,PUT (PLTR) PALANTIR APR 11 25 $59 (100 SHS),Margin,0,,USD,0.05,1,0,,0.03,,-5.03,04/10/2025
04/09/2025,Individual,YOU SOLD CLOSING TRANSACTION PUT (PLTR) PALANTIR APR 11 25 $50 (100 SHS) (Margin),-PLTR250411P50,PUT (PLTR) PALANTIR APR 11 25 $50 (100 SHS),Margin,0,,USD,0.02,-1,0,0.1,0.03,,1.87,04/10/2025
04/09/2025,Individual,YOU SOLD CLOSING TRANSACTION PUT (NVDA) NVIDIA CORPORATION APR 25 25 $60 (100 SHS) (Margin),-NVDA250425P60,PUT (NVDA) NVIDIA CORPORATION APR 25 25 $60 (100 SHS),Margin,0,,USD,0.15,-1,0,0.65,0.03,,14.32,04/10/2025
04/09/2025,Individual,YOU SOLD OPENING TRANSACTION PUT (PLTR) PALANTIR APR 11 25 $66 (100 SHS) (Margin),-PLTR250411P66,PUT (PLTR) PALANTIR APR 11 25 $66 (100 SHS),Margin,0,,USD,0.51,-1,0,0.65,0.03,,50.32,04/10/2025
04/09/2025,Individual,YOU SOLD OPENING TRANSACTION PUT (MU) MICRON TECHNOLOGY APR 11 25 $55 (100 SHS) (Margin),-MU250411P55,PUT (MU) MICRON TECHNOLOGY APR 11 25 $55 (100 SHS),Margin,0,,USD,0.43,-1,0,0.65,0.03,,42.32,04/10/2025
04/09/2025,Individual,YOU BOUGHT CLOSING TRANSACTION PUT (PLTR) PALANTIR APR 17 25 $57.5 (100 SHS) (Margin),-PLTR250417P57.5,PUT (PLTR) PALANTIR APR 17 25 $57.5 (100 SHS),Margin,0,,USD,0.09,1,0,,0.03,,-9.03,04/10/2025
04/09/2025,Individual,YOU SOLD CLOSING TRANSACTION PUT (PLTR) PALANTIR APR 17 25 $47 (100 SHS) (Margin),-PLTR250417P47,PUT (PLTR) PALANTIR APR 17 25 $47 (100 SHS),Margin,0,,USD,0.03,-1,0,0.15,0.03,,2.82,04/10/2025
04/08/2025,Individual,YOU SOLD OPENING TRANSACTION PUT (NVDA) NVIDIA CORPORATION APR 25 25 $71 (100 SHS) (Margin),-NVDA250425P71,PUT (NVDA) NVIDIA CORPORATION APR 25 25 $71 (100 SHS),Margin,0,,USD,1.39,-1,0,0.65,0.03,,138.32,04/09/2025
04/08/2025,Individual,YOU BOUGHT OPENING TRANSACTION PUT (NVDA) NVIDIA CORPORATION APR 25 25 $60 (100 SHS) (Margin),-NVDA250425P60,PUT (NVDA) NVIDIA CORPORATION APR 25 25 $60 (100 SHS),Margin,0,,USD,0.72,1,0,0.65,0.03,,-72.68,04/09/2025
04/08/2025,Individual,YOU SOLD OPENING TRANSACTION PUT (PLTR) PALANTIR APR 17 25 $57.5 (100 SHS) (Margin),-PLTR250417P57.5,PUT (PLTR) PALANTIR APR 17 25 $57.5 (100 SHS),Margin,0,,USD,1.14,-1,0,0.65,0.03,,113.32,04/09/2025
04/08/2025,Individual,YOU BOUGHT OPENING TRANSACTION PUT (PLTR) PALANTIR APR 17 25 $47 (100 SHS) (Margin),-PLTR250417P47,PUT (PLTR) PALANTIR APR 17 25 $47 (100 SHS),Margin,0,,USD,0.14,1,0,0.65,0.03,,-14.68,04/09/2025
04/08/2025,Individual,YOU SOLD OPENING TRANSACTION PUT (CLS) CELESTICA INC COM APR 17 25 $47.5 (100 SHS) (Margin),-CLS250417P47.5,PUT (CLS) CELESTICA INC COM APR 17 25 $47.5 (100 SHS),Margin,0,,USD,1.05,-1,0,0.65,0.03,,104.32,04/09/2025
04/08/2025,Individual,YOU BOUGHT OPENING TRANSACTION PUT (CLS) CELESTICA INC COM APR 17 25 $37.5 (100 SHS) (Margin),-CLS250417P37.5,PUT (CLS) CELESTICA INC COM APR 17 25 $37.5 (100 SHS),Margin,0,,USD,0.2,1,0,0.65,0.03,,-20.68,04/09/2025
04/07/2025,Individual,YOU SOLD OPENING TRANSACTION PUT (PLTR) PALANTIR APR 11 25 $59 (100 SHS) (Margin),-PLTR250411P59,PUT (PLTR) PALANTIR APR 11 25 $59 (100 SHS),Margin,0,,USD,0.83,-1,0,0.65,0.03,,82.32,04/08/2025
04/07/2025,Individual,YOU BOUGHT OPENING TRANSACTION PUT (PLTR) PALANTIR APR 11 25 $50 (100 SHS) (Margin),-PLTR250411P50,PUT (PLTR) PALANTIR APR 11 25 $50 (100 SHS),Margin,0,,USD,0.28,1,0,0.65,0.03,,-28.68,04/08/2025
04/04/2025,Individual,YOU BOUGHT OPENING TRANSACTION PUT (NVDA) NVIDIA CORPORATION MAY 23 25 $75 (100 SHS) (Margin),-NVDA250523P75,PUT (NVDA) NVIDIA CORPORATION MAY 23 25 $75 (100 SHS),Margin,0,,USD,2.57,1,0,0.65,0.03,,-257.68,04/07/2025
04/04/2025,Individual,YOU SOLD OPENING TRANSACTION PUT (NVDA) NVIDIA CORPORATION MAY 23 25 $85 (100 SHS) (Margin),-NVDA250523P85,PUT (NVDA) NVIDIA CORPORATION MAY 23 25 $85 (100 SHS),Margin,0,,USD,4.85,-1,0,0.65,0.05,,484.3,04/07/2025
04/04/2025,Individual,YOU BOUGHT CLOSING TRANSACTION PUT (NVDA) NVIDIA CORPORATION MAY 09 25 $110 (100 SHS) (Margin),-NVDA250509P110,PUT (NVDA) NVIDIA CORPORATION MAY 09 25 $110 (100 SHS),Margin,0,,USD,17.5,1,0,0.65,0.03,,-1750.68,04/07/2025
04/04/2025,Individual,YOU SOLD CLOSING TRANSACTION PUT (NVDA) NVIDIA CORPORATION MAY 09 25 $100 (100 SHS) (Margin),-NVDA250509P100,PUT (NVDA) NVIDIA CORPORATION MAY 09 25 $100 (100 SHS),Margin,0,,USD,10.59,-1,0,0.65,0.06,,1058.29,04/07/2025
04/04/2025,Individual,YOU SOLD CLOSING TRANSACTION PUT (IWM) ISHARES RUSSELL 2000APR 04 25 $179 (100 SHS) (Margin),-IWM250404P179,PUT (IWM) ISHARES RUSSELL 2000APR 04 25 $179 (100 SHS),Margin,0,,USD,1.29,-1,0,0.65,0.03,,128.32,04/07/2025
04/04/2025,Individual,YOU SOLD CLOSING TRANSACTION PUT (IWM) ISHARES RUSSELL 2000APR 17 25 $182 (100 SHS) (Margin),-IWM250417P182,PUT (IWM) ISHARES RUSSELL 2000APR 17 25 $182 (100 SHS),Margin,0,,USD,7.25,-1,0,0.65,0.06,,724.29,04/07/2025
04/04/2025,Individual,YOU SOLD CLOSING TRANSACTION PUT (IWM) ISHARES RUSSELL 2000APR 25 25 $183 (100 SHS) (Margin),-IWM250425P183,PUT (IWM) ISHARES RUSSELL 2000APR 25 25 $183 (100 SHS),Margin,0,,USD,8.37,-1,0,0.65,0.06,,836.29,04/07/2025
04/04/2025,Individual,YOU BOUGHT CLOSING TRANSACTION PUT (PLTR) PALANTIR MAY 02 25 $82 (100 SHS) (Margin),-PLTR250502P82,PUT (PLTR) PALANTIR MAY 02 25 $82 (100 SHS),Margin,0,,USD,12.07,1,0,0.65,0.03,,-1207.68,04/07/2025
04/04/2025,Individual,YOU BOUGHT CLOSING TRANSACTION PUT (IWM) ISHARES RUSSELL 2000APR 04 25 $189 (100 SHS) (Margin),-IWM250404P189,PUT (IWM) ISHARES RUSSELL 2000APR 04 25 $189 (100 SHS),Margin,0,,USD,7.76,1,0,0.65,0.03,,-776.68,04/07/2025
04/04/2025,Individual,YOU BOUGHT CLOSING TRANSACTION PUT (PLTR) PALANTIR APR 25 25 $74 (100 SHS) (Margin),-PLTR250425P74,PUT (PLTR) PALANTIR APR 25 25 $74 (100 SHS),Margin,0,,USD,5.5,1,0,0.65,0.03,,-550.68,04/07/2025
04/04/2025,Individual,YOU SOLD CLOSING TRANSACTION PUT (PLTR) PALANTIR APR 25 25 $64 (100 SHS) (Margin),-PLTR250425P64,PUT (PLTR) PALANTIR APR 25 25 $64 (100 SHS),Margin,0,,USD,2.4,-1,0,0.65,0.03,,239.32,04/07/2025
04/04/2025,Individual,YOU SOLD CLOSING TRANSACTION PUT (PLTR) PALANTIR APR 25 25 $71 (100 SHS) (Margin),-PLTR250425P71,PUT (PLTR) PALANTIR APR 25 25 $71 (100 SHS),Margin,0,,USD,6.18,-1,0,0.65,0.05,,617.3,04/07/2025
04/04/2025,Individual,YOU BOUGHT CLOSING TRANSACTION PUT (PLTR) PALANTIR APR 25 25 $81 (100 SHS) (Margin),-PLTR250425P81,PUT (PLTR) PALANTIR APR 25 25 $81 (100 SHS),Margin,0,,USD,11.56,1,0,0.65,0.03,,-1156.68,04/07/2025
04/04/2025,Individual,YOU SOLD CLOSING TRANSACTION PUT (NVDA) NVIDIA CORPORATION APR 25 25 $107 (100 SHS) (Margin),-NVDA250425P107,PUT (NVDA) NVIDIA CORPORATION APR 25 25 $107 (100 SHS),Margin,0,,USD,11.77,-1,0,0.65,0.07,,1176.28,04/07/2025
04/04/2025,Individual,YOU BOUGHT CLOSING TRANSACTION PUT (NVDA) NVIDIA CORPORATION APR 25 25 $117 (100 SHS) (Margin),-NVDA250425P117,PUT (NVDA) NVIDIA CORPORATION APR 25 25 $117 (100 SHS),Margin,0,,USD,20.2,1,0,0.65,0.03,,-2020.68,04/07/2025
04/04/2025,Individual,YOU BOUGHT CLOSING TRANSACTION PUT (IWM) ISHARES RUSSELL 2000APR 25 25 $193 (100 SHS) (Margin),-IWM250425P193,PUT (IWM) ISHARES RUSSELL 2000APR 25 25 $193 (100 SHS),Margin,0,,USD,14.56,1,0,0.65,0.03,,-1456.68,04/07/2025
04/04/2025,Individual,YOU BOUGHT CLOSING TRANSACTION PUT (NVDA) NVIDIA CORPORATION APR 11 25 $95 (100 SHS) (Margin),-NVDA250411P95,PUT (NVDA) NVIDIA CORPORATION APR 11 25 $95 (100 SHS),Margin,0,,USD,4.67,1,0,0.65,0.03,,-467.68,04/07/2025
04/04/2025,Individual,YOU SOLD CLOSING TRANSACTION PUT (NVDA) NVIDIA CORPORATION APR 11 25 $85 (100 SHS) (Margin),-NVDA250411P85,PUT (NVDA) NVIDIA CORPORATION APR 11 25 $85 (100 SHS),Margin,0,,USD,1.61,-1,0,0.65,0.03,,160.32,04/07/2025
04/04/2025,Individual,YOU BOUGHT CLOSING TRANSACTION PUT (IWM) ISHARES RUSSELL 2000APR 17 25 $192 (100 SHS) (Margin),-IWM250417P192,PUT (IWM) ISHARES RUSSELL 2000APR 17 25 $192 (100 SHS),Margin,0,,USD,13.41,1,0,0.65,0.03,,-1341.68,04/07/2025
04/04/2025,Individual,YOU BOUGHT CLOSING TRANSACTION PUT (NVDA) NVIDIA CORPORATION APR 04 25 $100 (100 SHS) (Margin),-NVDA250404P100,PUT (NVDA) NVIDIA CORPORATION APR 04 25 $100 (100 SHS),Margin,0,,USD,5.85,1,0,0.65,0.03,,-585.68,04/07/2025
04/04/2025,Individual,YOU SOLD CLOSING TRANSACTION PUT (NVDA) NVIDIA CORPORATION APR 04 25 $90 (100 SHS) (Margin),-NVDA250404P90,PUT (NVDA) NVIDIA CORPORATION APR 04 25 $90 (100 SHS),Margin,0,,USD,0.08,-1,0,0.4,0.03,,7.57,04/07/2025
04/04/2025,Individual,YOU BOUGHT CLOSING TRANSACTION PUT (CLS) CELESTICA INC COM APR 17 25 $72.5 (100 SHS) (Margin),-CLS250417P72.5,PUT (CLS) CELESTICA INC COM APR 17 25 $72.5 (100 SHS),Margin,0,,USD,13.75,2,0,1.3,0.06,,-2751.36,04/07/2025
04/04/2025,Individual,YOU SOLD CLOSING TRANSACTION PUT (NVDA) NVIDIA CORPORATION APR 17 25 $95 (100 SHS) (Margin),-NVDA250417P95,PUT (NVDA) NVIDIA CORPORATION APR 17 25 $95 (100 SHS),Margin,0,,USD,5.82,-1,0,0.65,0.05,,581.3,04/07/2025
04/04/2025,Individual,YOU BOUGHT CLOSING TRANSACTION PUT (NVDA) NVIDIA CORPORATION APR 17 25 $105 (100 SHS) (Margin),-NVDA250417P105,PUT (NVDA) NVIDIA CORPORATION APR 17 25 $105 (100 SHS),Margin,0,,USD,12.1,1,0,0.65,0.03,,-1210.68,04/07/2025
04/04/2025,Individual,YOU SOLD CLOSING TRANSACTION PUT (CLS) CELESTICA INC COM APR 17 25 $62.5 (100 SHS) (Margin),-CLS250417P62.5,PUT (CLS) CELESTICA INC COM APR 17 25 $62.5 (100 SHS),Margin,0,,USD,6.35,-2,0,1.3,0.1,,1268.6,04/07/2025
04/04/2025,Individual,YOU BOUGHT CLOSING TRANSACTION PUT (CLS) CELESTICA INC COM APR 17 25 $70 (100 SHS) (Margin),-CLS250417P70,PUT (CLS) CELESTICA INC COM APR 17 25 $70 (100 SHS),Margin,0,,USD,12.5,1,0,0.65,0.03,,-1250.68,04/07/2025
04/04/2025,Individual,YOU SOLD CLOSING TRANSACTION PUT (CLS) CELESTICA INC COM APR 17 25 $60 (100 SHS) (Margin),-CLS250417P60,PUT (CLS) CELESTICA INC COM APR 17 25 $60 (100 SHS),Margin,0,,USD,5.25,-1,0,0.65,0.05,,524.3,04/07/2025
04/01/2025,Individual,YOU SOLD OPENING TRANSACTION PUT (NVDA) NVIDIA CORPORATION MAY 09 25 $110 (100 SHS) (Margin),-NVDA250509P110,PUT (NVDA) NVIDIA CORPORATION MAY 09 25 $110 (100 SHS),Margin,0,,USD,6.9,-1,0,0.65,0.05,,689.3,04/02/2025
04/01/2025,Individual,YOU BOUGHT OPENING TRANSACTION PUT (NVDA) NVIDIA CORPORATION MAY 09 25 $100 (100 SHS) (Margin),-NVDA250509P100,PUT (NVDA) NVIDIA CORPORATION MAY 09 25 $100 (100 SHS),Margin,0,,USD,3.01,1,0,0.65,0.03,,-301.68,04/02/2025
04/01/2025,Individual,YOU BOUGHT OPENING TRANSACTION PUT (IWM) ISHARES RUSSELL 2000APR 04 25 $179 (100 SHS) (Margin),-IWM250404P179,PUT (IWM) ISHARES RUSSELL 2000APR 04 25 $179 (100 SHS),Margin,0,,USD,0.04,1,0,0.2,0.03,,-4.23,04/02/2025
04/01/2025,Individual,YOU SOLD CLOSING TRANSACTION PUT (NVDA) NVIDIA CORPORATION APR 11 25 $102 (100 SHS) (Margin),-NVDA250411P102,PUT (NVDA) NVIDIA CORPORATION APR 11 25 $102 (100 SHS),Margin,0,,USD,1.37,-1,0,0.65,0.03,,136.32,04/02/2025
04/01/2025,Individual,YOU SOLD OPENING TRANSACTION PUT (IWM) ISHARES RUSSELL 2000APR 04 25 $189 (100 SHS) (Margin),-IWM250404P189,PUT (IWM) ISHARES RUSSELL 2000APR 04 25 $189 (100 SHS),Margin,0,,USD,0.45,-1,0,0.65,0.03,,44.32,04/02/2025
04/01/2025,Individual,YOU BOUGHT CLOSING TRANSACTION PUT (NVDA) NVIDIA CORPORATION APR 11 25 $112 (100 SHS) (Margin),-NVDA250411P112,PUT (NVDA) NVIDIA CORPORATION APR 11 25 $112 (100 SHS),Margin,0,,USD,5.36,1,0,0.65,0.03,,-536.68,04/02/2025
04/01/2025,Individual,YOU BOUGHT CLOSING TRANSACTION PUT (NVDA) NVIDIA CORPORATION APR 04 25 $95 (100 SHS) (Margin),-NVDA250404P95,PUT (NVDA) NVIDIA CORPORATION APR 04 25 $95 (100 SHS),Margin,0,,USD,0.11,1,0,,0.03,,-11.03,04/02/2025
04/01/2025,Individual,YOU SOLD CLOSING TRANSACTION PUT (NVDA) NVIDIA CORPORATION APR 04 25 $85 (100 SHS) (Margin),-NVDA250404P85,PUT (NVDA) NVIDIA CORPORATION APR 04 25 $85 (100 SHS),Margin,0,,USD,0.02,-1,0,0.1,0.03,,1.87,04/02/2025
,,,,,,,,,,,,,,,,
,,,,,,,,,,,,,,,,
,,,,,,,,,,,,,,,,
The data and information in this spreadsheet is provided to you solely for your use and is not for distribution. The spreadsheet is provided for,,,,,,,,,,,,,,,,
"informational purposes only, and is not intended to provide advice, nor should it be construed as an offer to sell, a solicitation of an offer to buy or a",,,,,,,,,,,,,,,,
recommendation for any security or insurance product by Fidelity or any third party. Data and information shown is based on information known to Fidelity as of the date it was,,,,,,,,,,,,,,,,
exported and is subject to change. It should not be used in place of your account statements or trade confirmations and is not intended for tax reporting,,,,,,,,,,,,,,,,
"purposes. For more information on the data included in this spreadsheet, including any limitations thereof, go to Fidelity.com.",,,,,,,,,,,,,,,,
,,,,,,,,,,,,,,,,
"Brokerage services are provided by Fidelity Brokerage Services LLC (FBS), 900 Salem Street, Smithfield, RI 02917. Custody and other services provided by National",,,,,,,,,,,,,,,,
"Financial Services LLC (NFS). Both are Fidelity Investment companies and members SIPC, NYSE. Insurance products at Fidelity are distributed by",,,,,,,,,,,,,,,,
"Fidelity Insurance Agency, Inc., and, for certain products, by Fidelity Brokerage Services, Member NYSE, SIPC.",,,,,,,,,,,,,,,,
,,,,,,,,,,,,,,,,
Date downloaded 04/07/2026 7:24 pm,,,,,,,,,,,,,,,,